Price,No.of Bedrooms,Area,Parking,Power Backup,Resale
2272991,1,699,0,1,1
2538839,1,868,1,0,0
2665828,1,710,1,1,1
2523822,1,929,1,1,1
2009908,1,520,0,0,1
2948470,1,1054,1,1,0
2420540,1,679,0,1,1
2632315,1,877,1,0,0
2699146,1,887,0,1,0
2673160,1,846,0,1,0
2481935,1,608,0,1,1
2767039,1,1067,1,1,0
2208469,1,722,0,1,1
2184970,1,537,0,0,1
2261868,1,628,0,1,1
2522375,1,701,0,0,0
2757694,1,1004,1,1,0
2653431,1,753,1,1,1
2475074,1,698,0,0,0
2739088,1,943,0,1,0
2626852,1,727,1,0,0
2028939,1,627,0,0,1
2086207,1,590,0,0,1
2536401,1,818,0,1,0
2524034,1,658,1,0,1
2690871,1,783,1,1,1
2917703,1,1075,1,1,0
2703986,1,886,0,1,0
2375775,1,687,0,1,1
2243578,1,595,0,0,1
2762139,1,1049,1,1,0
2940288,1,1090,1,1,0
2711003,1,945,0,1,0
2449469,1,746,0,0,0
2526868,1,767,0,1,0
2149690,1,560,0,0,1
2269500,1,738,0,1,1
2540529,1,735,1,0,1
2701837,1,727,1,1,1
2308242,1,693,0,1,1
2639250,1,940,1,1,1
2269494,1,659,0,1,1
2596132,1,800,0,1,0
2128929,1,616,0,0,1
2147007,1,599,0,0,1
2319001,1,711,0,0,0
2458511,1,736,1,0,1
2947161,1,1074,1,1,0
2346334,1,709,0,1,1
2527906,1,734,0,1,0
2925345,1,1070,1,1,0
2325902,1,614,0,1,1
2327126,1,605,0,0,0
2563477,1,801,1,0,0
2942790,1,1013,1,1,0
2708916,1,730,1,1,1
2993390,1,1020,1,1,0
2355441,1,672,0,1,1
2710105,1,712,0,1,0
2480966,1,641,0,0,0
2606827,1,832,1,1,1
2720157,1,944,1,1,1
2503518,1,826,1,1,1
2372644,1,608,0,1,1
2721893,1,814,1,1,1
2220045,1,721,0,1,1
2917218,1,1046,1,1,0
2254113,1,681,1,0,1
2502072,1,674,0,0,0
2085483,1,619,0,0,1
2023632,1,597,0,0,1
2676475,1,897,1,0,0
2626217,1,831,1,0,0
2663917,1,871,0,1,0
2649499,1,981,1,0,0
2406661,1,657,0,0,0
2819870,1,1015,1,1,0
2269615,1,670,0,0,0
2522359,1,776,0,1,0
2238411,1,541,0,0,1
2245237,1,510,0,0,1
2258245,1,644,1,0,1
2963039,1,1023,1,1,0
2332921,1,606,0,0,0
2542682,1,703,1,1,1
2302443,1,636,1,0,1
2660671,1,942,1,0,0
2123396,1,532,0,0,1
2008925,1,551,0,0,1
2435376,1,737,1,0,1
2720498,1,1025,1,1,0
2231153,1,640,0,0,0
2614375,1,947,1,0,0
2120336,1,501,0,0,1
2272526,1,620,1,0,1
2482512,1,730,1,0,1
2586269,1,919,0,1,0
2697103,1,989,1,0,0
2219692,1,612,0,0,1
2352874,1,680,1,0,1
2177830,1,584,0,0,1
2559259,1,997,0,1,0
2236804,1,615,0,0,1
2294278,1,619,0,0,0
2714272,1,791,0,1,0
2571554,1,862,1,0,0
2126842,1,585,0,0,1
2197113,1,594,0,0,1
2650605,1,900,1,1,1
2597942,1,977,1,0,0
2371224,1,700,0,0,0
2461311,1,663,0,0,0
2937844,1,1013,1,1,0
2412968,1,662,0,1,1
2608055,1,811,1,0,0
2724448,1,794,1,0,0
2004423,1,566,0,0,1
2702472,1,700,0,1,0
2147208,1,525,0,0,1
2326105,1,677,1,0,1
2621148,1,715,0,1,0
2327729,1,669,0,1,1
2657139,1,763,1,1,1
2878534,1,1100,1,1,0
2213964,1,641,0,0,1
2328869,1,692,0,1,1
2466505,1,666,0,0,0
2512759,1,944,1,1,1
2385375,1,627,0,0,0
2302627,1,617,1,0,1
2630219,1,878,1,0,0
2375162,1,640,1,0,1
2589246,1,899,1,0,0
2587862,1,924,0,1,0
2397689,1,639,0,0,0
2060605,1,590,0,0,1
2644482,1,714,0,1,0
2235721,1,669,0,0,0
2231999,1,527,0,0,1
2737281,1,901,1,0,0
2763751,1,1035,1,1,0
2589345,1,781,1,1,1
2306810,1,697,0,1,1
2068764,1,528,0,0,1
2748357,1,828,1,1,1
2740388,1,936,1,0,0
2334622,1,613,0,1,1
2144169,1,511,0,0,1
2500870,1,854,1,0,0
2616526,1,862,1,0,0
2535754,1,732,1,1,1
2083443,1,580,0,0,1
2650963,1,762,1,0,0
2490005,1,718,1,0,1
2337688,1,732,0,1,1
2739682,1,765,1,0,0
2747754,1,790,1,1,1
2697050,1,763,0,1,0
2730771,1,701,1,0,0
2033640,1,595,0,0,1
2225411,1,747,1,0,1
2212316,1,679,1,0,1
2741450,1,918,1,0,0
2506233,1,752,0,1,0
2334263,1,741,1,0,1
2683291,1,734,1,0,0
2360871,1,620,0,1,1
2340466,1,643,1,0,1
2320255,1,612,0,1,1
2452225,1,666,1,0,1
2630262,1,841,1,0,0
2840513,1,1051,1,1,0
2518837,1,681,0,0,0
2471467,1,698,1,0,1
2540548,1,793,1,1,1
2292226,1,632,0,1,1
2629307,1,751,1,1,1
2305035,1,664,1,0,1
2351140,1,734,0,1,1
2729761,1,1067,1,1,0
2160517,1,600,0,0,1
2816208,1,1076,1,1,0
2804507,1,1014,1,1,0
2223113,1,646,0,0,0
2790962,1,1019,1,1,0
2701128,1,1060,1,1,0
2209833,1,629,0,0,1
2728436,1,823,1,0,0
2687849,1,812,1,1,1
2545077,1,1000,0,1,0
2451244,1,605,0,0,0
2664099,1,909,1,1,1
2470070,1,644,0,1,1
2554720,1,835,0,1,0
2424491,1,689,0,0,0
2748586,1,807,1,0,0
2405913,1,669,0,1,1
2900719,1,1014,1,1,0
2378754,1,695,0,0,0
2501880,1,661,0,1,1
2839182,1,1009,1,1,0
2486077,1,602,1,0,1
2210622,1,595,0,0,1
2704480,1,1081,1,1,0
2178448,1,592,0,0,1
2309670,1,739,1,0,1
2591197,1,855,0,1,0
2058478,1,506,0,0,1
2227421,1,654,0,1,1
2779216,1,1061,1,1,0
2673786,1,739,1,0,0
2223076,1,515,0,0,1
2202801,1,740,0,1,1
2253922,1,655,0,0,0
2694931,1,807,0,1,0
2005140,1,518,0,0,1
2748830,1,1051,1,1,0
2442755,1,626,0,0,0
2548989,1,992,1,0,0
2616226,1,982,1,1,1
2831211,1,1023,1,1,0
2740659,1,752,0,1,0
2569670,1,892,1,0,0
2827762,1,1038,1,1,0
2673578,1,957,1,0,0
2036938,1,606,0,0,1
2670944,1,724,0,1,0
2741611,1,931,1,1,1
2602892,1,820,1,1,1
2297921,1,695,0,0,0
2407938,1,609,1,0,1
2372522,1,711,0,0,0
2854195,1,1099,1,1,0
2355597,1,662,0,0,0
2968391,1,1069,1,1,0
2493102,1,667,0,1,1
2481023,1,672,0,0,0
2722535,1,975,0,1,0
2252487,1,674,1,0,1
2293718,1,651,0,0,0
2475326,1,654,1,0,1
2360028,1,623,1,0,1
2240515,1,688,1,0,1
2676240,1,745,0,1,0
2608814,1,867,0,1,0
2448972,1,656,0,0,0
2911318,1,1088,1,1,0
2748524,1,1013,1,1,0
2551753,1,736,1,1,1
2263261,1,650,0,0,0
2546651,1,815,1,1,1
2624087,1,719,1,1,1
2541059,1,754,0,1,0
2419828,1,699,0,0,0
2901348,1,1083,1,1,0
2634432,1,765,1,0,0
2526037,1,797,0,1,0
2530008,1,661,0,1,1
2594531,1,883,0,1,0
2074564,1,552,0,0,1
2200541,1,539,0,0,1
2573304,1,878,1,1,1
2701786,1,874,0,1,0
2494984,1,710,1,0,1
2891162,1,1058,1,1,0
2599820,1,981,1,0,0
2242773,1,668,1,0,1
2969881,1,1031,1,1,0
2921980,1,1075,1,1,0
2367905,1,712,1,0,1
2539548,1,748,1,0,0
2728990,1,836,0,1,0
2926023,1,1073,1,1,0
2272454,1,744,0,1,1
2813375,1,1002,1,1,0
2429206,1,600,1,0,1
2516878,1,661,1,0,1
2313249,1,606,0,1,1
2501087,1,657,0,0,0
2235541,1,615,0,0,1
2831356,1,1064,1,1,0
2433943,1,713,1,0,1
2502703,1,704,0,1,1
2694597,1,889,0,1,0
2749734,1,956,1,1,1
2698205,1,944,1,0,0
2236008,1,510,0,0,1
2030505,1,646,0,0,1
2330368,1,632,0,1,1
2581926,1,908,1,1,1
2299117,1,602,0,1,1
2728308,1,913,1,0,0
2412932,1,708,1,0,1
2948899,1,1067,1,1,0
2269505,1,602,1,0,1
2708339,1,916,1,0,0
2498159,1,663,1,0,1
2304976,1,681,1,0,1
2033699,1,618,0,0,1
2645825,1,788,1,0,0
2537769,1,999,0,1,0
2519894,1,613,0,0,0
2337332,1,683,0,1,1
2702250,1,804,1,1,1
2526887,1,842,1,1,1
2529824,1,678,1,0,1
2923304,1,1025,1,1,0
2990933,1,1069,1,1,0
2696782,1,797,1,0,0
2718641,1,998,1,0,0
2716193,1,849,0,1,0
2574325,1,742,0,1,0
2361650,1,728,0,0,0
2411911,1,621,0,1,1
2378599,1,682,1,0,1
2733987,1,789,1,1,1
2252902,1,653,1,0,1
2204897,1,644,1,0,1
2663936,1,767,1,0,0
2709178,1,849,1,0,0
2085999,1,611,0,0,1
2954985,1,1096,1,1,0
2419740,1,650,0,0,0
2207611,1,587,0,0,1
2220404,1,607,0,0,1
2620621,1,824,1,0,0
2187494,1,521,0,0,1
2510422,1,889,1,1,1
2279819,1,716,1,0,1
2655173,1,770,1,1,1
2459592,1,647,1,0,1
2313371,1,745,1,0,1
2348791,1,743,1,0,1
2230654,1,639,0,1,1
2364076,1,749,0,0,0
2768936,1,1090,1,1,0
2349894,1,676,0,0,0
2588925,1,829,0,1,0
2292536,1,738,0,0,0
2592077,1,907,0,1,0
2098998,1,532,0,0,1
2661925,1,998,0,1,0
2377407,1,636,0,1,1
2539637,1,696,1,0,1
2009022,1,601,0,0,1
2636411,1,727,1,0,0
2464856,1,648,0,0,0
2658883,1,812,1,0,0
2718141,1,980,1,1,1
2706837,1,922,0,1,0
2737825,1,924,1,0,0
2517833,1,709,0,1,0
2322510,1,651,0,0,0
2738249,1,869,0,1,0
2244943,1,635,0,0,1
2201988,1,624,0,0,0
2683975,1,956,1,1,1
2587529,1,711,1,0,0
2410700,1,715,0,1,1
2743379,1,835,1,1,1
2895562,1,1094,1,1,0
2867312,1,1043,1,1,0
2965031,1,1048,1,1,0
2053463,1,613,0,0,1
2386237,1,684,0,0,0
2426949,1,666,1,0,1
2545954,1,697,1,0,1
2474052,1,629,0,1,1
2095390,1,517,0,0,1
2595775,1,839,0,1,0
2209066,1,666,1,0,1
2396473,1,744,0,1,1
2905609,1,1099,1,1,0
2484977,1,621,0,1,1
2678377,1,902,0,1,0
2531456,1,631,0,1,1
2225612,1,720,0,0,0
2706202,1,927,1,1,1
2435068,1,699,0,0,0
2609400,1,772,0,1,0
2426041,1,702,1,0,1
2638612,1,992,0,1,0
2125088,1,529,0,0,1
2372754,1,743,0,1,1
2333145,1,628,1,0,1
2117837,1,645,0,0,1
2592044,1,838,1,0,0
2354717,1,735,1,0,1
2408689,1,641,1,0,1
2552041,1,783,1,0,0
2410348,1,696,1,0,1
2518071,1,861,0,1,0
2749449,1,1058,1,1,0
2702939,1,938,1,0,0
2828121,1,1005,1,1,0
2591416,1,704,1,0,0
2455882,1,729,0,0,0
2597714,1,717,0,1,0
2331694,1,703,0,1,1
2965150,1,1070,1,1,0
2038402,1,503,0,0,1
2506009,1,720,0,1,1
2656967,1,788,1,1,1
2686486,1,953,1,1,1
2559581,1,734,0,1,0
2717984,1,824,1,1,1
2534320,1,631,0,0,0
2738878,1,1033,1,1,0
2589012,1,777,1,0,0
2745099,1,775,1,0,0
2461723,1,615,0,0,0
2326856,1,656,1,0,1
2476844,1,651,1,0,1
2610236,1,878,0,1,0
2743493,1,990,0,1,0
2063616,1,592,0,0,1
2535407,1,721,0,1,1
2206569,1,669,0,0,0
2680653,1,961,1,0,0
2287982,1,749,1,0,1
2533986,1,1000,1,0,0
2519734,1,915,1,0,0
2106490,1,534,0,0,1
2593520,1,704,0,1,0
2343808,1,692,0,1,1
2535125,1,712,1,1,1
2510997,1,855,1,0,0
2804410,1,1053,1,1,0
2640271,1,986,0,1,0
2723729,1,735,1,1,1
2967649,1,1005,1,1,0
2689874,1,891,0,1,0
2345618,1,716,1,0,1
2242452,1,572,0,0,1
2685104,1,714,1,0,0
2678718,1,806,1,1,1
2520681,1,710,0,1,1
2274558,1,735,0,0,0
2512131,1,675,0,0,0
2986744,1,1067,1,1,0
2534441,1,745,0,1,1
2153897,1,554,0,0,1
2240248,1,630,0,0,1
2548236,1,626,0,1,1
2270318,1,748,0,0,0
2876361,1,1048,1,1,0
2912943,1,1036,1,1,0
2663650,1,858,0,1,0
2584460,1,751,1,0,0
2236249,1,545,0,0,1
2855079,1,1016,1,1,0
2646308,1,743,1,1,1
2526822,1,939,1,1,1
2436524,1,632,1,0,1
2636667,1,968,0,1,0
2539234,1,651,0,1,1
2724548,1,962,1,0,0
2948807,1,1027,1,1,0
2419248,1,704,1,0,1
2707221,1,819,1,0,0
2457277,1,667,0,1,1
2473331,1,715,0,1,1
2577351,1,796,0,1,0
2701525,1,728,0,1,0
2232763,1,673,0,1,1
2843378,1,1010,1,1,0
2459433,1,662,1,0,1
2349064,1,627,1,0,1
2859883,1,1086,1,1,0
2724256,1,966,0,1,0
2915416,1,1033,1,1,0
2396072,1,745,1,0,1
2568351,1,795,1,0,0
2636658,1,966,1,0,0
2727974,1,755,1,1,1
2609045,1,797,1,1,1
2389273,1,739,0,1,1
2443950,1,603,1,0,1
2574192,1,707,0,1,0
2906277,1,1083,1,1,0
2111642,1,629,0,0,1
2265219,1,735,0,0,0
2444658,1,619,1,0,1
2425735,1,664,0,1,1
2618202,1,989,1,0,0
2216366,1,677,0,1,1
2681588,1,906,0,1,0
2701372,1,777,1,0,0
2689198,1,860,1,1,1
2173925,1,531,0,0,1
2653941,1,878,1,1,1
2661801,1,746,1,0,0
2661925,1,809,1,0,0
2336499,1,604,0,0,0
2722331,1,1036,1,1,0
2868756,1,1031,1,1,0
2031304,1,569,0,0,1
2168020,1,553,0,0,1
2258570,1,622,1,0,1
2024185,1,599,0,0,1
2581316,1,702,1,1,1
2411022,1,661,0,0,0
2401935,1,685,1,0,1
2743228,1,1075,1,1,0
2966900,1,1066,1,1,0
2634795,1,845,1,1,1
2619790,1,785,1,0,0
2508433,1,703,1,0,1
2691409,1,765,1,1,1
2108368,1,650,0,0,1
2516908,1,750,1,1,1
2202192,1,697,0,1,1
2573882,1,964,1,0,0
2685510,1,926,1,0,0
2801422,1,1060,1,1,0
2305973,1,728,0,1,1
2747239,1,721,1,1,1
2832307,1,1087,1,1,0
2739877,1,914,1,1,1
2587826,1,919,1,0,0
2728685,1,757,1,1,1
2581663,1,714,1,1,1
2002310,1,580,0,0,1
2201290,1,581,0,0,1
2542467,1,991,0,1,0
2704737,1,720,1,0,0
2535920,1,931,1,1,1
2701444,1,1092,1,1,0
2628582,1,957,0,1,0
2817052,1,1084,1,1,0
2610983,1,813,1,0,0
2173117,1,624,0,0,1
2329143,1,729,1,0,1
2208014,1,589,0,0,1
2718656,1,1012,1,1,0
2647765,1,771,0,1,0
2543125,1,727,0,1,1
2625661,1,732,1,1,1
2249708,1,604,0,0,1
2501224,1,866,1,1,1
2210768,1,602,0,0,1
2141291,1,579,0,0,1
2524114,1,726,0,1,0
2504110,1,635,0,1,1
2294996,1,703,0,1,1
2221324,1,673,1,0,1
2336421,1,739,1,0,1
2594136,1,765,0,1,0
2529598,1,949,0,1,0
2735024,1,897,1,0,0
2218522,1,615,1,0,1
2615525,1,728,0,1,0
2734280,1,952,1,0,0
2704856,1,995,0,1,0
2738089,1,1085,1,1,0
2221417,1,580,0,0,1
2783993,1,1007,1,1,0
2693668,1,804,1,1,1
2734165,1,895,1,0,0
2398120,1,611,0,0,0
2608595,1,828,1,0,0
2538872,1,959,1,0,0
2389658,1,739,0,0,0
2497557,1,728,0,1,1
2233574,1,675,0,1,1
2989907,1,1100,1,1,0
2329353,1,681,0,0,0
2308088,1,731,0,0,0
2115290,1,586,0,0,1
2321718,1,708,0,1,1
2449660,1,614,1,0,1
2789773,1,1000,1,1,0
2526146,1,945,0,1,0
2243009,1,597,0,0,1
2287453,1,688,1,0,1
2031579,1,507,0,0,1
2636130,1,747,1,1,1
2608405,1,896,0,1,0
2289222,1,732,1,0,1
2279440,1,704,0,1,1
2343130,1,660,0,1,1
2703670,1,921,0,1,0
2522839,1,949,0,1,0
2505450,1,904,0,1,0
2570017,1,861,1,0,0
2644803,1,838,0,1,0
2256085,1,714,0,1,1
2179434,1,601,0,0,1
2572256,1,848,0,1,0
2749339,1,874,0,1,0
2724879,1,816,0,1,0
2501291,1,691,0,1,1
2467534,1,683,1,0,1
2473434,1,601,0,0,0
2251930,1,733,0,0,0
2406821,1,610,1,0,1
2899417,1,1083,1,1,0
2620254,1,997,1,1,1
2747727,1,895,1,0,0
2607972,1,954,1,1,1
2705382,1,1074,1,1,0
2468230,1,676,0,0,0
2914362,1,1065,1,1,0
2709163,1,849,0,1,0
2167868,1,593,0,0,1
2649180,1,723,0,1,0
2115695,1,543,0,0,1
2587971,1,826,1,0,0
2217839,1,653,0,1,1
2333222,1,603,1,0,1
2424480,1,625,0,1,1
2532154,1,868,1,0,0
2288950,1,671,1,0,1
2597336,1,780,1,1,1
2601294,1,980,1,0,0
2839499,1,1091,1,1,0
2466511,1,698,0,0,0
2547316,1,659,0,0,0
2558325,1,908,1,0,0
2357011,1,726,0,0,0
2222821,1,514,0,0,1
2845820,1,1092,1,1,0
2155102,1,589,0,0,1
2419692,1,648,0,1,1
2736383,1,1009,1,1,0
2231163,1,541,0,0,1
2147944,1,559,0,0,1
2610202,1,802,1,1,1
2717715,1,840,0,1,0
2960505,1,1014,1,1,0
2555355,1,955,1,0,0
2299040,1,730,0,0,0
2854493,1,1066,1,1,0
2574366,1,887,1,0,0
2535760,1,941,1,1,1
2712621,1,720,1,0,0
2609635,1,906,1,0,0
2679277,1,798,0,1,0
2921496,1,1051,1,1,0
2126132,1,638,0,0,1
2685151,1,815,1,0,0
2470352,1,660,0,1,1
2149764,1,604,0,0,1
2955784,1,1015,1,1,0
2026111,1,548,0,0,1
2743322,1,919,1,0,0
2488061,1,693,0,1,1
2250959,1,612,0,0,0
2505495,1,714,0,1,1
2188325,1,597,0,0,1
2632000,1,960,1,1,1
2214547,1,707,0,0,0
2248936,1,707,1,0,1
2464822,1,678,0,1,1
2885522,1,1046,1,1,0
2903856,1,1029,1,1,0
2250881,1,698,0,0,0
2253113,1,615,0,0,0
2303849,1,731,1,0,1
2724942,1,703,0,1,0
2602314,1,760,0,1,0
2201235,1,744,1,0,1
2558367,1,845,1,0,0
2713674,1,799,0,1,0
2338942,1,708,1,0,1
2397521,1,748,0,0,0
2432355,1,618,1,0,1
2727849,1,868,1,1,1
2424040,1,686,0,0,0
2353650,1,725,1,0,1
2220198,1,625,0,0,0
2589457,1,725,1,0,0
2762876,1,1051,1,1,0
2224208,1,556,0,0,1
2527277,1,712,0,1,0
2815705,1,1005,1,1,0
2862467,1,1070,1,1,0
2737094,1,867,1,0,0
2657881,1,967,1,0,0
2355817,1,699,0,1,1
2728211,1,982,0,1,0
2895300,1,1046,1,1,0
2919141,1,1100,1,1,0
2104340,1,528,0,0,1
2245632,1,638,1,0,1
2038255,1,522,0,0,1
2727059,1,721,1,0,0
2435176,1,674,0,0,0
2300422,1,750,0,1,1
2475394,1,623,1,0,1
2209564,1,675,1,0,1
2669203,1,951,0,1,0
2407547,1,699,0,1,1
2310315,1,659,0,1,1
2250496,1,609,0,0,0
2697523,1,727,1,0,0
2517361,1,625,1,0,1
2645608,1,725,1,0,0
2207024,1,744,0,1,1
2165996,1,599,0,0,1
2335862,1,607,0,1,1
2705942,1,1080,1,1,0
2561580,1,917,1,0,0
2545731,1,827,1,0,0
2515931,1,923,1,1,1
2685130,1,857,1,0,0
2501440,1,820,0,1,0
2510304,1,639,0,1,1
2669389,1,776,1,1,1
2501850,1,667,0,0,0
2507287,1,865,0,1,0
2278496,1,708,1,0,1
2595020,1,710,1,0,0
2858878,1,1025,1,1,0
2627655,1,705,0,1,0
2440731,1,719,1,0,1
2642514,1,706,1,1,1
2545368,1,844,1,1,1
2553773,1,964,1,1,1
2920909,1,1063,1,1,0
2515089,1,979,1,0,0
2261168,1,676,0,0,0
2943066,1,1053,1,1,0
2437366,1,744,0,1,1
2271518,1,690,1,0,1
2905532,1,1007,1,1,0
2758186,1,1052,1,1,0
2711170,1,1097,1,1,0
2460184,1,737,1,0,1
2601029,1,992,0,1,0
2652205,1,816,1,1,1
2598150,1,897,1,1,1
2278776,1,636,1,0,1
2797912,1,1070,1,1,0
2669248,1,972,1,1,1
2131330,1,510,0,0,1
2380931,1,735,0,1,1
2304209,1,678,1,0,1
2522312,1,674,1,0,1
2357378,1,644,1,0,1
2266345,1,722,1,0,1
2929136,1,1023,1,1,0
2521276,1,875,1,0,0
2669289,1,987,1,0,0
2898084,1,1067,1,1,0
2204807,1,666,0,0,0
2738195,1,959,0,1,0
2543639,1,885,1,1,1
2352315,1,746,0,0,0
2944593,1,1078,1,1,0
2432089,1,726,0,0,0
2874119,1,1075,1,1,0
2334101,1,652,0,0,0
2918317,1,1081,1,1,0
2632927,1,700,1,1,1
2340021,1,681,1,0,1
2693076,1,898,1,1,1
2008930,1,586,0,0,1
2727071,1,914,1,0,0
2952177,1,1057,1,1,0
2548298,1,664,0,0,0
2601657,1,755,1,1,1
2757525,1,1014,1,1,0
2247927,1,677,0,1,1
2546199,1,795,0,1,0
2617717,1,727,0,1,0
2295005,1,707,1,0,1
2702182,1,1067,1,1,0
2541848,1,651,0,1,1
2750406,1,1088,1,1,0
2217303,1,630,0,1,1
2218285,1,635,0,0,1
2753343,1,1095,1,1,0
2507947,1,986,1,1,1
2440028,1,705,0,0,0
2812029,1,1098,1,1,0
2664683,1,986,0,1,0
2515934,1,731,1,0,0
2833900,1,1047,1,1,0
2255639,1,617,0,1,1
2434464,1,690,0,0,0
2270657,1,750,0,1,1
2280007,1,615,1,0,1
2990400,1,1018,1,1,0
2736407,1,845,1,0,0
2246046,1,517,0,0,1
2229347,1,659,0,1,1
2747306,1,1024,1,1,0
2585903,1,887,1,1,1
2385819,1,722,1,0,1
2508837,1,711,1,0,0
2468276,1,750,1,0,1
2511666,1,748,1,0,0
2839648,1,1011,1,1,0
2116612,1,538,0,0,1
2600425,1,751,1,1,1
2009035,1,580,0,0,1
2631358,1,933,1,1,1
2310905,1,744,1,0,1
2223315,1,662,0,1,1
2522223,1,870,1,1,1
2749268,1,754,0,1,0
2004419,1,529,0,0,1
2150758,1,542,0,0,1
2636254,1,823,0,1,0
2700876,1,783,1,0,0
2964227,1,1021,1,1,0
2295709,1,612,0,0,0
2509055,1,994,1,1,1
2225743,1,698,0,0,0
2728674,1,826,1,1,1
2320156,1,717,0,0,0
2389349,1,641,0,1,1
2660648,1,847,0,1,0
2043939,1,603,0,0,1
2538541,1,744,0,1,0
2565076,1,887,0,1,0
2547064,1,959,0,1,0
2390204,1,633,1,0,1
2237738,1,501,0,0,1
2341395,1,685,0,0,0
2600355,1,822,1,1,1
2218458,1,703,1,0,1
2215072,1,639,0,0,0
2722361,1,775,0,1,0
2539235,1,718,1,0,1
2933669,1,1097,1,1,0
2535832,1,902,1,1,1
2329519,1,606,1,0,1
2628617,1,959,1,1,1
2361857,1,628,0,1,1
2454776,1,604,0,1,1
2521465,1,705,1,0,1
2003041,1,614,0,0,1
2757841,1,1009,1,1,0
2708588,1,1100,1,1,0
2917876,1,1100,1,1,0
2194550,1,583,0,0,1
2498798,1,656,0,1,1
2516322,1,766,0,1,0
2466026,1,722,0,1,1
2706261,1,786,0,1,0
2546672,1,982,1,0,0
2285449,1,690,0,1,1
2093629,1,575,0,0,1
2556275,1,893,1,0,0
2670166,1,751,1,1,1
2512281,1,719,1,0,1
2550877,1,999,0,1,0
2869296,1,1038,1,1,0
2014195,1,518,0,0,1
2109592,1,604,0,0,1
2748658,1,1099,1,1,0
2381910,1,650,0,1,1
2644665,1,971,1,0,0
2547540,1,734,1,1,1
2462414,1,618,0,1,1
2658208,1,983,0,1,0
2426680,1,725,0,0,0
2642311,1,919,1,0,0
2919404,1,1017,1,1,0
2611087,1,944,0,1,0
2345622,1,698,0,0,0
2212749,1,604,0,1,1
2646007,1,822,1,0,0
2410719,1,731,0,1,1
2596365,1,917,0,1,0
2512108,1,935,1,0,0
2531446,1,736,0,1,0
2307068,1,666,0,1,1
2167504,1,568,0,0,1
2392212,1,651,1,0,1
2653841,1,787,1,1,1
2982615,1,1002,1,1,0
2314396,1,697,0,1,1
2454797,1,678,1,0,1
2716743,1,1020,1,1,0
2875572,2,1464,0,0,1
3440922,2,1012,0,1,0
3008018,2,1273,1,0,1
3139350,2,1261,0,0,0
3290594,2,1292,0,1,0
2890995,2,1219,0,0,1
3335696,2,1376,0,1,0
3395894,2,1537,1,1,1
3302094,2,1499,1,0,0
3226438,2,1554,0,0,0
3006868,2,1076,0,1,1
3008576,2,1238,0,1,1
3444587,2,1288,1,0,0
3550222,2,1764,1,1,0
3132000,2,1524,1,0,1
3192203,2,1193,0,0,0
3090864,2,1210,1,0,1
2961077,2,1144,0,0,1
3228567,2,1322,0,1,1
3066813,2,1176,0,1,1
3231311,2,1130,0,1,1
3417279,2,1041,1,1,1
3091233,2,1252,0,1,1
3323425,2,1062,1,0,0
3477158,2,1520,1,1,0
3410050,2,1292,1,1,1
3473081,2,1750,1,1,0
2993487,2,1575,0,0,1
3084747,2,1552,0,1,1
3292088,2,1244,1,1,1
3209121,2,1207,0,0,0
3231277,2,1281,0,0,0
3040300,2,1366,0,0,1
3559046,2,1535,1,1,0
3143733,2,1562,0,1,1
3223966,2,1163,1,0,1
3139692,2,1554,0,0,0
3171442,2,1138,0,1,1
3249882,2,1143,1,0,0
3210533,2,1049,0,1,1
3100838,2,1305,0,0,0
3247508,2,1510,0,1,0
3250481,2,1568,1,1,1
3156265,2,1444,0,0,0
3352352,2,1084,0,1,0
2970331,2,1025,0,0,1
3270330,2,1141,1,0,0
3077371,2,1572,1,0,1
3386794,2,1442,1,1,1
3108674,2,1271,1,0,1
3424798,2,1382,0,1,0
2852082,2,1581,0,0,1
3388302,2,1392,1,0,0
3024603,2,1077,1,0,1
3455307,2,1174,1,1,1
3428491,2,1154,1,1,1
3057963,2,1328,0,0,0
3240556,2,1582,1,0,1
3175896,2,1364,0,1,1
3094508,2,1467,1,0,1
3583780,2,1738,1,1,0
3192636,2,1503,0,1,1
3067444,2,1558,0,0,0
3359724,2,1516,0,1,0
3703711,2,1633,1,1,0
3783133,2,1565,1,1,0
3248282,2,1287,1,0,1
3457125,2,1401,0,1,0
3624308,2,1664,1,1,0
3449285,2,1496,0,1,0
3245119,2,1294,1,1,1
2752826,2,1368,0,0,1
3181000,2,1589,1,0,1
2764943,2,1179,0,0,1
3789986,2,1684,1,1,0
3365060,2,1077,0,1,0
3416534,2,1591,1,1,1
3368079,2,1404,0,1,0
3489025,2,1205,0,1,0
3083553,2,1341,0,0,0
3590588,2,1745,1,1,0
3243401,2,1555,0,1,1
3161675,2,1083,0,1,1
3215080,2,1586,0,0,0
3041970,2,1287,0,0,0
3535828,2,1612,1,1,0
2823383,2,1596,0,0,1
3097943,2,1055,0,1,1
3047969,2,1284,0,1,1
3481682,2,1524,0,1,0
2756947,2,1243,0,0,1
3182978,2,1514,0,1,1
3387364,2,1342,1,0,0
3106160,2,1204,0,0,0
3107457,2,1567,0,1,1
2929217,2,1135,0,0,1
3214236,2,1483,0,1,1
3069564,2,1113,1,0,1
3053549,2,1516,0,0,0
3125677,2,1420,0,0,0
3181541,2,1054,1,0,1
3171796,2,1585,1,0,1
2774304,2,1541,0,0,1
3366239,2,1492,0,1,0
3134679,2,1073,0,0,0
3498137,2,1476,1,1,1
3956528,2,1793,1,1,0
3006307,2,1594,0,0,0
3343443,2,1193,0,1,0
3174758,2,1377,1,0,1
3569383,2,1703,1,1,0
3131683,2,1131,1,0,1
3377147,2,1372,0,1,0
3056547,2,1275,1,0,1
3162885,2,1393,0,1,1
3611991,2,1799,1,1,0
3095229,2,1281,0,1,1
3435831,2,1098,1,0,0
3433594,2,1453,1,1,1
3654206,2,1702,1,1,0
3295981,2,1527,1,1,1
3401996,2,1494,0,1,0
3898461,2,1798,1,1,0
3210665,2,1399,1,0,0
3033919,2,1293,0,1,1
3261511,2,1571,1,1,1
3342073,2,1591,1,1,1
3060854,2,1392,0,0,0
3273622,2,1268,0,1,0
3210912,2,1006,0,1,1
3098249,2,1382,0,0,0
2876310,2,1367,0,0,1
3292940,2,1576,1,1,1
3415724,2,1470,1,0,0
3421406,2,1214,0,1,0
3370415,2,1464,1,0,0
3346535,2,1207,0,1,0
2926346,2,1188,0,0,1
3246951,2,1249,0,1,0
3216375,2,1341,0,0,0
3448968,2,1228,1,0,0
3366126,2,1047,1,0,0
2866308,2,1539,0,0,1
3482243,2,1037,0,1,0
3240484,2,1436,1,0,1
3426463,2,1130,0,1,0
3142167,2,1044,1,0,1
3044019,2,1576,0,0,0
3064960,2,1599,0,0,0
3012034,2,1082,1,0,1
3191030,2,1124,0,1,1
3492048,2,1266,0,1,0
3224054,2,1416,1,1,1
3192391,2,1382,1,0,1
3069229,2,1083,0,1,1
3329029,2,1027,1,1,1
3162053,2,1234,0,1,1
3424784,2,1155,1,1,1
3238832,2,1507,1,1,1
3725574,2,1654,1,1,0
3153290,2,1207,0,0,0
3468641,2,1474,1,0,0
3018056,2,1513,1,0,1
3006524,2,1272,0,0,1
3240713,2,1312,1,0,0
3446049,2,1068,1,1,1
3384338,2,1086,1,1,1
3217310,2,1163,1,1,1
3182074,2,1363,0,1,1
3209477,2,1285,1,0,1
3205209,2,1282,0,1,1
3108908,2,1453,1,0,1
3017472,2,1476,0,0,0
3870536,2,1507,1,1,0
2906337,2,1379,0,0,1
3997307,2,1565,1,1,0
3490693,2,1437,1,0,0
3919849,2,1727,1,1,0
3153679,2,1330,0,1,1
3454532,2,1280,0,1,0
3315187,2,1037,1,1,1
3012847,2,1390,0,0,1
3316475,2,1324,1,0,0
3149217,2,1198,0,0,0
3054380,2,1065,0,0,0
2841500,2,1458,0,0,1
3437690,2,1435,1,1,1
3653602,2,1617,1,1,0
3035471,2,1568,1,0,1
2954178,2,1555,0,0,1
3202930,2,1496,0,0,0
3203196,2,1295,1,0,1
3811187,2,1501,1,1,0
3039428,2,1443,0,1,1
3145444,2,1466,0,1,1
3395939,2,1104,0,1,0
3074519,2,1093,0,1,1
3270164,2,1123,1,0,0
2880374,2,1063,0,0,1
3306549,2,1418,0,1,0
2908258,2,1576,0,0,1
3646034,2,1682,1,1,0
2756042,2,1431,0,0,1
3790547,2,1699,1,1,0
3980510,2,1593,1,1,0
3409780,2,1086,0,1,0
3560710,2,1779,1,1,0
3989415,2,1573,1,1,0
3007855,2,1439,0,0,1
3120883,2,1156,1,0,1
3666802,2,1638,1,1,0
3809320,2,1609,1,1,0
3427948,2,1039,0,1,0
3541105,2,1597,1,1,0
3016470,2,1417,0,0,1
2862015,2,1583,0,0,1
3385846,2,1350,1,0,0
3068169,2,1314,0,1,1
3056544,2,1271,1,0,1
3219506,2,1037,1,0,1
3068733,2,1244,0,0,0
2959205,2,1561,0,0,1
3029775,2,1273,0,1,1
3139552,2,1016,0,1,1
2784583,2,1430,0,0,1
3438046,2,1499,1,1,1
3233324,2,1340,0,0,0
3272964,2,1528,1,0,0
3407355,2,1462,1,1,1
3334410,2,1023,0,1,0
3014359,2,1503,0,0,0
3345302,2,1111,0,1,0
2823760,2,1025,0,0,1
3480462,2,1100,0,1,0
3350769,2,1128,1,1,1
3128437,2,1187,1,0,1
3123152,2,1190,1,0,1
3008640,2,1420,0,1,1
3257490,2,1209,0,1,0
3427123,2,1268,1,1,1
3012562,2,1319,1,0,1
3471142,2,1733,1,1,0
3426628,2,1514,1,0,0
3135299,2,1590,1,0,1
3469255,2,1522,1,1,1
3951101,2,1620,1,1,0
3326236,2,1375,1,0,0
3268156,2,1280,0,1,0
3090440,2,1203,0,1,1
3207022,2,1335,1,1,1
3157968,2,1232,0,1,1
2969022,2,1069,0,0,1
3426441,2,1572,1,1,1
3028061,2,1268,0,1,1
3362741,2,1222,1,0,0
3219525,2,1395,1,0,0
2859578,2,1288,0,0,1
3262083,2,1492,0,1,0
3308385,2,1070,0,1,0
3221791,2,1267,1,1,1
3088169,2,1325,0,1,1
3217832,2,1035,0,0,0
3630060,2,1649,1,1,0
3009072,2,1131,0,0,0
3352491,2,1290,1,0,0
3236715,2,1255,1,0,0
3070308,2,1531,0,0,0
3250071,2,1047,0,1,0
3204160,2,1430,0,1,0
3346786,2,1545,1,1,1
3040025,2,1446,0,1,1
3492299,2,1068,0,1,0
3073608,2,1047,0,0,0
3170431,2,1593,0,1,1
3079259,2,1025,0,0,0
3182025,2,1370,0,1,1
3020578,2,1222,0,0,1
3462738,2,1148,1,0,0
3249921,2,1012,1,0,0
3378942,2,1327,0,1,0
3417369,2,1497,1,0,0
2982071,2,1036,0,0,1
3460186,2,1500,1,1,1
3043483,2,1365,0,0,1
3434154,2,1074,0,1,0
3221264,2,1211,0,1,1
3009213,2,1460,0,0,1
3885717,2,1531,1,1,0
3404633,2,1499,1,1,1
2991893,2,1308,0,0,1
3142075,2,1127,0,0,0
3082864,2,1210,0,1,1
3202686,2,1456,0,1,1
3026916,2,1372,0,0,0
3415543,2,1225,1,0,0
2925345,2,1002,0,0,1
2944762,2,1339,0,0,1
3094944,2,1452,0,0,0
3228513,2,1167,1,0,0
3364557,2,1304,0,1,0
2853258,2,1257,0,0,1
3264541,2,1340,1,0,0
3255801,2,1314,0,1,0
3293640,2,1176,1,0,0
3040669,2,1378,0,0,1
2928942,2,1201,0,0,1
2861790,2,1368,0,0,1
3149827,2,1463,0,0,0
3248900,2,1236,0,0,0
3011422,2,1241,1,0,1
3008283,2,1101,0,1,1
3415224,2,1415,1,0,0
3206982,2,1076,0,1,1
2984880,2,1388,0,0,1
3691197,2,1508,1,1,0
2842030,2,1547,0,0,1
3321295,2,1058,1,1,1
3398300,2,1452,0,1,0
3060517,2,1378,0,1,1
3284261,2,1498,1,1,1
3152163,2,1553,1,0,1
3013848,2,1156,1,0,1
2963419,2,1355,0,0,1
3382258,2,1059,1,1,1
3299839,2,1071,1,1,1
3401139,2,1150,1,0,0
3250518,2,1449,1,1,1
3475023,2,1727,1,1,0
3349892,2,1056,1,0,0
3123741,2,1390,0,0,0
3497701,2,1040,1,1,1
3174836,2,1133,0,0,0
3693045,2,1651,1,1,0
3244539,2,1556,0,1,1
3316866,2,1422,0,1,0
3301522,2,1154,1,1,1
2830175,2,1482,0,0,1
3197758,2,1074,1,0,1
3010069,2,1296,0,0,0
3489868,2,1024,0,1,0
3249214,2,1427,1,0,1
3221395,2,1273,1,0,0
3285598,2,1239,1,0,0
3006023,2,1149,1,0,1
3270530,2,1566,1,1,1
3303468,2,1425,1,1,1
3420478,2,1277,1,1,1
3386657,2,1058,1,1,1
3393473,2,1175,0,1,0
3379800,2,1431,1,1,1
3083935,2,1109,0,0,0
3090376,2,1288,0,1,1
3951386,2,1605,1,1,0
2967751,2,1443,0,0,1
3450269,2,1174,1,0,0
3210874,2,1338,1,0,1
3583818,2,1575,1,1,0
3395780,2,1299,1,1,1
3329970,2,1235,0,1,0
3081848,2,1086,0,1,1
3224163,2,1389,1,1,1
3076214,2,1090,0,0,0
3198561,2,1298,1,0,1
3076403,2,1090,0,0,0
3044421,2,1528,1,0,1
3201943,2,1513,0,1,1
3223410,2,1075,1,0,1
3566949,2,1697,1,1,0
2844272,2,1386,0,0,1
3160127,2,1054,1,0,1
3236532,2,1338,0,1,0
3220234,2,1115,0,0,0
3475271,2,1500,0,1,0
3825107,2,1674,1,1,0
2940180,2,1576,0,0,1
3231672,2,1357,1,0,0
3891693,2,1574,1,1,0
3386840,2,1241,1,0,0
3145382,2,1131,0,1,1
3223640,2,1215,0,0,0
3229137,2,1270,1,1,1
3128557,2,1217,1,0,1
2937883,2,1423,0,0,1
3069471,2,1558,1,0,1
3302419,2,1389,1,0,0
3461756,2,1104,1,1,1
3196038,2,1112,0,0,0
2795334,2,1096,0,0,1
3028789,2,1059,0,0,1
3204968,2,1122,1,0,1
2974559,2,1362,0,0,1
3298360,2,1340,1,0,0
3307610,2,1148,1,1,1
3331105,2,1452,0,1,0
3320840,2,1229,0,1,0
3219220,2,1232,1,0,0
3255987,2,1206,0,1,0
3094705,2,1098,1,0,1
3229434,2,1149,0,0,0
3115389,2,1177,1,0,1
3912281,2,1569,1,1,0
3172201,2,1144,1,0,1
3995066,2,1570,1,1,0
3537640,2,1698,1,1,0
3016106,2,1348,0,0,1
3030764,2,1513,0,1,1
3269323,2,1512,1,0,0
3391074,2,1317,1,0,0
3010922,2,1139,0,0,1
3461262,2,1682,1,1,0
2777298,2,1600,0,0,1
3482411,2,1549,1,1,1
3091495,2,1234,1,0,1
3119836,2,1228,0,1,1
3496811,2,1380,0,1,0
2845875,2,1292,0,0,1
3117495,2,1533,0,1,1
2824874,2,1186,0,0,1
3873195,2,1692,1,1,0
3009085,2,1583,0,0,1
3553855,2,1556,1,1,0
3218259,2,1156,0,1,1
3317100,2,1018,1,1,1
3042546,2,1220,0,1,1
2773752,2,1299,0,0,1
3444274,2,1284,0,1,0
3484438,2,1649,1,1,0
3220600,2,1533,1,0,1
3248119,2,1486,1,1,1
3143923,2,1091,0,1,1
3411341,2,1297,1,0,0
3676980,2,1792,1,1,0
3023969,2,1326,0,0,0
3298646,2,1163,1,0,0
3337510,2,1257,1,1,1
3436282,2,1340,1,1,1
3377066,2,1462,0,1,0
3414219,2,1250,1,1,1
3389233,2,1339,1,1,1
3138758,2,1022,0,1,1
3333383,2,1092,0,1,0
3339948,2,1231,1,0,0
3419964,2,1109,1,1,1
3063105,2,1017,0,0,0
3115762,2,1071,1,0,1
3410356,2,1042,1,0,0
3933737,2,1701,1,1,0
3484767,2,1224,1,0,0
3682819,2,1608,1,1,0
3449205,2,1569,1,1,1
3374402,2,1464,1,1,1
3045370,2,1313,0,1,1
3044614,2,1475,0,0,1
3333968,2,1110,1,0,0
3166627,2,1515,0,0,0
3450276,2,1588,1,1,1
3120142,2,1135,1,0,1
3153017,2,1229,0,0,0
3243107,2,1515,1,1,1
3334885,2,1123,1,0,0
3337917,2,1072,1,0,0
3046133,2,1425,1,0,1
3223925,2,1262,0,1,1
3383607,2,1397,1,0,0
3038243,2,1537,1,0,1
3458853,2,1084,0,1,0
3317404,2,1229,0,1,0
3409989,2,1285,1,0,0
3212483,2,1492,1,0,0
3768834,2,1625,1,1,0
3025328,2,1153,0,0,1
3108664,2,1552,1,0,1
3359879,2,1566,1,0,0
3094637,2,1187,1,0,1
3719431,2,1688,1,1,0
3042262,2,1003,0,0,1
3492242,2,1655,1,1,0
3053604,2,1260,1,0,1
3148297,2,1219,0,0,0
3414540,2,1058,1,1,1
3354212,2,1137,1,1,1
3070774,2,1539,0,1,1
3818210,2,1675,1,1,0
3882016,2,1538,1,1,0
2906578,2,1544,0,0,1
3060520,2,1248,0,0,0
3300929,2,1051,1,0,0
3026694,2,1506,1,0,1
2767992,2,1072,0,0,1
3437189,2,1334,0,1,0
2797082,2,1239,0,0,1
3422263,2,1529,1,1,1
3402222,2,1360,0,1,0
3133304,2,1373,0,1,1
3214346,2,1479,0,0,0
3389687,2,1143,1,1,1
3233604,2,1255,0,1,1
3472124,2,1052,1,1,1
3105678,2,1502,0,0,0
3136817,2,1091,0,1,1
3132149,2,1458,1,0,1
3149096,2,1548,1,0,1
3044987,2,1171,0,0,1
3109669,2,1425,0,0,0
3570096,2,1564,1,1,0
3988663,2,1652,1,1,0
3208855,2,1178,1,0,1
3226577,2,1190,0,0,0
2863480,2,1008,0,0,1
3236556,2,1490,0,1,0
3089303,2,1110,0,1,1
3489628,2,1276,1,1,1
3100641,2,1287,1,0,1
3137346,2,1256,0,1,1
3839218,2,1607,1,1,0
3382979,2,1099,0,1,0
3286944,2,1533,1,1,1
3302529,2,1068,1,1,1
3252789,2,1433,1,1,1
3073821,2,1410,0,1,1
3192677,2,1371,0,0,0
2789658,2,1324,0,0,1
3000007,2,1341,1,0,1
3339843,2,1271,0,1,0
3434386,2,1431,0,1,0
3416606,2,1207,1,1,1
3605827,2,1766,1,1,0
3328831,2,1048,1,0,0
3047063,2,1030,1,0,1
3254236,2,1422,0,1,0
3202941,2,1192,0,0,0
3430063,2,1578,1,1,1
3303986,2,1459,1,1,1
3464100,2,1796,1,1,0
3350741,2,1161,0,1,0
3043902,2,1209,0,0,1
3107181,2,1054,0,0,0
3146735,2,1326,0,0,0
3065015,2,1445,0,1,1
3211932,2,1487,0,0,0
3289996,2,1558,1,1,1
3023595,2,1080,1,0,1
2753708,2,1555,0,0,1
3093489,2,1518,0,0,0
3099467,2,1285,0,0,0
2910950,2,1568,0,0,1
3310356,2,1231,1,1,1
3023386,2,1437,0,1,1
3089189,2,1061,0,1,1
3395191,2,1453,0,1,0
3288969,2,1502,1,1,1
3411984,2,1201,1,1,1
3015735,2,1497,0,0,1
3274932,2,1287,1,0,0
3003231,2,1336,0,1,1
3273049,2,1504,1,1,1
3228493,2,1570,1,0,1
3352791,2,1008,0,1,0
3454579,2,1424,1,1,1
3943416,2,1755,1,1,0
3184525,2,1477,0,1,1
3170584,2,1388,0,1,1
3326714,2,1581,1,0,0
3114529,2,1111,0,0,0
3419531,2,1518,1,1,1
3807763,2,1694,1,1,0
3217596,2,1093,1,0,0
3167822,2,1133,1,0,1
3379459,2,1564,1,1,1
3472137,2,1091,1,1,1
3240337,2,1001,1,1,1
3201736,2,1569,1,0,1
3030285,2,1123,1,0,1
3159448,2,1032,0,1,1
3225500,2,1124,1,1,1
3369366,2,1241,0,1,0
2941292,2,1513,0,0,1
3019081,2,1476,0,1,1
3123799,2,1537,0,1,1
3579007,2,1547,1,1,0
3371469,2,1411,1,0,0
3062859,2,1002,1,0,1
3402974,2,1402,1,0,0
3248080,2,1516,0,0,0
3200361,2,1407,0,1,1
3252532,2,1155,1,0,0
3950756,2,1758,1,1,0
3148340,2,1334,1,0,1
2907687,2,1189,0,0,1
3595909,2,1767,1,1,0
3118283,2,1092,1,0,1
3278556,2,1522,0,1,0
3905686,2,1788,1,1,0
3334493,2,1133,1,0,0
3790906,2,1580,1,1,0
3557570,2,1746,1,1,0
3235142,2,1424,0,0,0
3340172,2,1371,1,1,1
3145725,2,1240,0,1,1
3195745,2,1028,0,0,0
2812141,2,1340,0,0,1
3202366,2,1026,1,1,1
3259056,2,1301,1,1,1
3301443,2,1376,0,1,0
2851059,2,1555,0,0,1
3492721,2,1713,1,1,0
3245927,2,1518,0,1,0
3433983,2,1502,0,1,0
3278358,2,1317,0,1,0
3206636,2,1402,1,0,0
3241374,2,1164,1,0,0
3166780,2,1138,1,0,1
3353302,2,1383,1,0,0
3498264,2,1302,1,0,0
3459418,2,1489,0,1,0
3108870,2,1051,0,0,0
3448496,2,1332,0,1,0
3319039,2,1001,1,1,1
3040597,2,1020,0,0,1
3212550,2,1204,1,0,0
3527523,2,1560,1,1,0
3436942,2,1497,1,1,1
3496728,2,1021,1,0,0
2787250,2,1074,0,0,1
3201931,2,1219,1,0,1
3741217,2,1641,1,1,0
3033660,2,1199,1,0,1
3067129,2,1243,0,1,1
3338441,2,1152,1,0,0
3224354,2,1403,0,1,1
3048993,2,1313,1,0,1
2928716,2,1496,0,0,1
3384174,2,1072,1,0,0
3140075,2,1416,0,0,0
2906482,2,1149,0,0,1
3308525,2,1532,0,1,0
3488361,2,1392,0,1,0
3332545,2,1135,1,1,1
3022478,2,1492,0,0,0
3354764,2,1312,1,1,1
3143039,2,1308,1,0,1
3017752,2,1140,0,0,1
3451116,2,1551,1,1,0
2784980,2,1486,0,0,1
2751807,2,1120,0,0,1
3404881,2,1408,1,0,0
3205224,2,1572,1,0,1
2842351,2,1529,0,0,1
3041596,2,1052,1,0,1
3130064,2,1383,1,0,1
3235917,2,1064,0,0,0
3407136,2,1554,0,1,0
3664157,2,1697,1,1,0
3235790,2,1033,1,0,1
3497604,2,1094,1,1,1
3498358,2,1397,1,0,0
3040618,2,1520,0,1,1
3298545,2,1165,1,0,0
3369972,2,1352,1,1,1
3048495,2,1261,1,0,1
2810414,2,1366,0,0,1
3855978,2,1562,1,1,0
2818570,2,1405,0,0,1
3112449,2,1171,0,1,1
3033280,2,1363,0,0,0
3753475,2,1515,1,1,0
3061574,2,1228,0,0,0
3087843,2,1440,0,1,1
3008644,2,1069,0,1,1
3206770,2,1261,1,0,1
3902677,2,1739,1,1,0
3319540,2,1160,1,1,1
3225090,2,1018,0,1,1
3066485,2,1248,0,1,1
3374918,2,1394,0,1,0
3304688,2,1492,1,0,0
3054970,2,1258,0,0,0
3352332,2,1442,1,0,0
3209619,2,1544,1,0,1
2888316,2,1333,0,0,1
2776900,2,1224,0,0,1
3124828,2,1402,0,1,1
3218082,2,1122,0,0,0
3453777,2,1383,0,1,0
3107053,2,1384,0,0,0
3190445,2,1326,1,0,1
3904348,2,1590,1,1,0
3123679,2,1272,0,1,1
3217442,2,1194,1,0,0
3016910,2,1496,0,1,1
3605037,2,1572,1,1,0
3113228,2,1290,0,1,1
3232767,2,1333,0,0,0
2952421,2,1255,0,0,1
3016539,2,1450,0,0,1
3067726,2,1256,1,0,1
3002100,2,1187,0,0,0
3364887,2,1581,0,1,0
3472049,2,1436,1,1,1
3006178,2,1107,0,0,1
3127941,2,1574,0,0,0
3573317,2,1541,1,1,0
3016891,2,1435,1,0,1
3927765,2,1573,1,1,0
3918112,2,1500,1,1,0
3263684,2,1529,1,0,0
3160413,2,1482,1,0,1
3051755,2,1575,0,1,1
3215622,2,1377,1,0,1
3194469,2,1266,0,1,1
3188667,2,1334,0,0,0
3214359,2,1242,0,1,1
3004395,2,1012,0,1,1
3375115,2,1440,1,1,1
3329697,2,1037,1,1,1
3229470,2,1523,1,0,1
3114726,2,1523,1,0,1
3098303,2,1161,0,0,0
3058235,2,1143,1,0,1
3302886,2,1526,1,0,0
3286470,2,1278,1,0,0
3088667,2,1044,1,0,1
2774301,2,1081,0,0,1
3635826,2,1654,1,1,0
3349594,2,1009,1,0,0
3211860,2,1101,0,1,0
3427392,2,1453,1,0,0
3129771,2,1380,0,1,1
3033609,2,1469,1,0,1
3266852,2,1212,0,1,0
3476919,2,1401,1,1,1
3224229,2,1158,0,1,0
3144242,2,1025,0,0,0
3154684,2,1318,1,0,1
2982521,2,1317,0,0,1
3244311,2,1052,0,1,1
2997708,2,1498,0,0,1
3005423,2,1559,0,0,1
3992759,2,1693,1,1,0
3346760,2,1536,0,1,0
3000762,2,1128,0,1,1
3203277,2,1598,0,0,0
3071782,2,1226,0,0,0
3202494,2,1295,1,1,1
3033129,2,1431,0,0,1
3230340,2,1360,1,0,1
3246974,2,1444,0,0,0
3173088,2,1083,0,1,1
3715973,2,1504,1,1,0
3370374,2,1536,1,1,1
3031545,2,1243,0,0,1
3187427,2,1082,0,1,1
3248433,2,1417,1,0,0
3969963,2,1630,1,1,0
3406968,2,1127,0,1,0
3439044,2,1360,1,1,1
3180799,2,1402,1,0,1
3001951,2,1186,1,0,1
3152769,2,1437,1,0,1
3804134,2,1696,1,1,0
3162468,2,1133,0,1,1
3263871,2,1382,1,0,0
2897963,2,1496,0,0,1
3147570,2,1182,0,0,0
3323467,2,1276,1,1,1
3170657,2,1493,0,0,0
3099933,2,1127,1,0,1
3205473,2,1319,0,1,1
2822036,2,1517,0,0,1
3244475,2,1529,1,0,0
3351127,2,1450,0,1,0
3291364,2,1270,1,1,1
3205842,2,1429,0,1,0
3458141,2,1033,1,1,1
2919513,2,1448,0,0,1
2820509,2,1500,0,0,1
3208294,2,1382,1,0,1
3249964,2,1142,0,0,0
3125649,2,1172,0,0,0
2780066,2,1511,0,0,1
3356459,2,1491,1,1,1
3826381,2,1782,1,1,0
3154649,2,1323,0,0,0
3017477,2,1062,0,1,1
3363702,2,1205,0,1,0
3130255,2,1479,0,1,1
3121244,2,1197,1,0,1
3034381,2,1556,0,0,1
3268673,2,1054,0,1,0
3133316,2,1212,0,0,0
3382542,2,1449,1,0,0
3391382,2,1298,0,1,0
2891802,2,1197,0,0,1
3038201,2,1476,0,0,0
3181106,2,1030,0,1,1
3401503,2,1146,1,0,0
2942257,2,1283,0,0,1
3129309,2,1430,0,0,0
3094840,2,1119,0,0,0
3064776,2,1282,0,0,0
3368383,2,1470,1,0,0
3257207,2,1405,0,1,0
3268530,2,1177,1,0,0
3590923,2,1501,1,1,0
3894322,2,1636,1,1,0
3268141,2,1001,1,1,1
3128274,2,1060,0,0,0
2922464,2,1405,0,0,1
3362837,2,1109,1,0,0
3324235,2,1439,1,0,0
3371377,2,1021,0,1,0
3113018,2,1544,0,1,1
3047612,2,1489,0,0,0
3188971,2,1142,1,0,1
3295936,2,1508,0,1,0
3911634,2,1657,1,1,0
3006820,2,1159,1,0,1
3453263,2,1160,1,1,1
3352228,2,1018,1,0,0
3159729,2,1404,0,0,0
3486455,2,1263,1,0,0
3277344,2,1501,1,1,1
3019869,2,1114,0,1,1
3388842,2,1049,0,1,0
3022324,2,1466,0,1,1
3466984,2,1175,1,1,1
3233305,2,1183,0,1,1
2818067,2,1257,0,0,1
3697245,2,1748,1,1,0
3060505,2,1298,0,0,0
3035222,2,1108,0,0,0
3091304,2,1075,0,0,0
3247601,2,1306,0,1,1
3164944,2,1215,0,1,1
3029245,2,1228,1,0,1
3318360,2,1552,1,0,0
3029711,2,1369,1,0,1
3271163,2,1200,1,0,0
2999298,2,1353,0,0,1
3315247,2,1435,1,0,0
3907195,2,1771,1,1,0
2793027,2,1360,0,0,1
3184239,2,1456,0,1,1
3695718,2,1737,1,1,0
3095145,2,1047,0,1,1
3091300,2,1200,0,1,1
3355047,2,1192,1,1,1
3324502,2,1474,1,0,0
3140986,2,1417,1,0,1
3177894,2,1029,0,1,1
2838481,2,1555,0,0,1
3029680,2,1033,0,0,1
3464681,2,1599,0,1,0
2867332,2,1342,0,0,1
3280361,2,1023,1,1,1
3233872,2,1312,0,1,0
2815625,2,1434,0,0,1
3064243,2,1205,0,1,1
3571786,2,1678,1,1,0
3959609,2,1799,1,1,0
3053773,2,1064,0,1,1
3114257,2,1322,0,1,1
3639420,2,1695,1,1,0
2902560,2,1494,0,0,1
3457005,2,1464,1,0,0
3773518,2,1667,1,1,0
3038090,2,1067,1,0,1
3066791,2,1527,0,1,1
3118072,2,1100,0,0,0
3225097,2,1503,0,1,1
3486724,2,1012,0,1,0
3077547,2,1340,1,0,1
3163340,2,1277,1,0,1
3134087,2,1286,0,0,0
3233947,2,1380,1,0,0
3481686,2,1747,1,1,0
2753671,2,1103,0,0,1
3393805,2,1410,1,1,1
3386311,2,1237,1,1,1
3210224,2,1010,1,1,1
3454042,2,1028,1,1,1
3414949,2,1181,1,1,1
3054690,2,1395,0,1,1
3356837,2,1017,1,1,1
3034324,2,1538,1,0,1
3313990,2,1535,1,1,1
3488626,2,1125,1,0,0
3188882,2,1406,0,1,1
3046246,2,1292,0,0,0
3077435,2,1502,0,1,1
3656090,2,1536,1,1,0
3010421,2,1032,0,0,0
3222430,2,1246,0,0,0
3413068,2,1552,0,1,0
4858692,3,2209,1,1,0
4371327,3,1551,1,0,0
4249254,3,1845,1,0,1
4297668,3,1555,1,0,0
4187818,3,1544,1,0,1
4108671,3,1665,0,0,0
4072678,3,1812,0,1,1
4250125,3,1732,1,0,0
4862815,3,2374,1,1,0
3811528,3,1662,0,0,1
3777949,3,1677,0,0,1
4108601,3,1567,1,0,1
4066436,3,1758,1,0,1
4224411,3,1563,1,0,0
4115036,3,1711,0,1,1
4150917,3,1601,0,1,1
4457193,3,1643,0,1,0
4381427,3,1727,1,0,0
3858792,3,1604,0,0,1
4295869,3,1678,1,1,1
4030730,3,1530,0,1,1
4111351,3,1738,1,0,1
4039918,3,1653,1,0,1
3814708,3,1515,0,0,1
4295860,3,1573,1,1,1
4096449,3,1554,0,1,1
4406237,3,1606,1,1,1
4181390,3,1524,0,0,0
4491406,3,1524,0,1,0
4458549,3,1525,0,1,0
4200929,3,1501,1,0,1
4140148,3,1696,0,1,1
4032039,3,1708,0,1,1
4360510,3,1506,0,1,0
3987278,3,1753,0,0,1
4010316,3,1613,0,1,1
4754980,3,2047,1,1,0
4695670,3,2026,1,1,0
4127862,3,1828,0,0,0
4121106,3,1847,0,0,0
4097936,3,1548,0,1,1
4287853,3,1674,1,1,1
4187928,3,1845,1,0,1
3758636,3,1771,0,0,1
4235746,3,1652,1,0,0
4282094,3,1516,1,0,0
4204318,3,1722,1,0,0
4056560,3,1841,0,1,1
4226121,3,1850,1,0,1
4157531,3,1527,0,0,0
4552933,3,2234,1,1,0
4268031,3,1537,0,1,0
3957567,3,1620,0,0,1
4409996,3,1836,1,1,1
4466198,3,2353,1,1,0
4264410,3,1764,0,1,0
4047122,3,1534,0,0,0
4427996,3,1504,0,1,0
3913273,3,1817,0,0,1
4667803,3,2138,1,1,0
4277560,3,1681,1,1,1
4433405,3,1730,1,0,0
4465894,3,1536,1,0,0
4287428,3,1683,1,0,0
4494753,3,1749,1,1,1
4107177,3,1534,0,1,1
4222270,3,1778,1,0,0
4020899,3,1522,0,0,1
4006438,3,1748,0,0,1
4527887,3,2592,1,1,0
4004970,3,1735,0,0,0
4880041,3,1821,1,1,0
4230906,3,1692,1,1,1
4293319,3,1656,1,1,1
4727479,3,1808,1,1,0
4063874,3,1813,0,1,1
4242503,3,1657,1,0,0
4164632,3,1524,1,0,1
4233607,3,1839,1,0,1
4087160,3,1576,0,0,0
4041496,3,1736,0,0,0
4270056,3,1643,1,1,1
4176671,3,1674,0,1,1
4156977,3,1556,1,0,1
4210344,3,1557,0,1,1
4227440,3,1605,0,0,0
4055680,3,1598,0,0,0
4449652,3,1620,1,1,1
4052528,3,1564,0,0,0
4988523,3,2492,1,1,0
4339253,3,1847,0,1,0
3810523,3,1619,0,0,1
4447491,3,1594,0,1,0
4210559,3,1559,0,1,1
4005739,3,1551,0,0,1
4408607,3,1842,0,1,0
4242880,3,1850,1,0,0
4146373,3,1683,0,1,1
4426785,3,1740,1,1,1
4334295,3,1836,0,1,0
4489003,3,2301,1,1,0
4043766,3,1749,0,0,0
4255465,3,1678,1,0,0
4499260,3,1511,0,1,0
3901674,3,1726,0,0,1
4131708,3,1586,1,0,1
4778522,3,2308,1,1,0
4907217,3,2021,1,1,0
3858054,3,1697,0,0,1
4130069,3,1540,1,0,1
4231880,3,1769,0,1,1
4018605,3,1507,0,0,1
4212623,3,1835,1,1,1
4284691,3,1747,0,1,0
4450535,3,1792,0,1,0
4284911,3,1675,1,1,1
4428217,3,1545,0,1,0
4021731,3,1687,0,1,1
4336195,3,1692,0,1,0
4225850,3,1514,1,0,1
4145724,3,1654,1,0,1
4100612,3,1561,1,0,1
4390810,3,1773,1,1,1
4105308,3,1615,0,1,1
4163609,3,1716,0,1,1
4919366,3,2355,1,1,0
4149261,3,1665,0,0,0
4249216,3,1616,0,0,0
4089038,3,1817,1,0,1
4125969,3,1735,0,1,1
4223534,3,1659,0,0,0
4328709,3,1717,0,1,0
4001101,3,1634,1,0,1
4205457,3,1804,1,0,0
4467060,3,1816,1,1,1
4876052,3,1861,1,1,0
4111054,3,1650,0,1,1
4846166,3,1940,1,1,0
4110758,3,1703,0,1,1
4200037,3,1707,1,0,1
4131721,3,1699,1,0,1
3802749,3,1817,0,0,1
4714462,3,1825,1,1,0
4029003,3,1813,0,0,1
3767191,3,1672,0,0,1
4068325,3,1577,1,0,1
4068608,3,1558,0,1,1
4327956,3,1619,1,0,0
4222219,3,1788,1,1,1
4481067,3,1705,1,0,0
4241705,3,1728,1,1,1
4073543,3,1583,0,0,0
4262311,3,1527,0,1,0
4033887,3,1676,0,0,1
4255402,3,1747,0,1,0
4115741,3,1617,0,0,0
3882990,3,1598,0,0,1
4209351,3,1764,0,1,1
3864002,3,1799,0,0,1
3786001,3,1707,0,0,1
4095404,3,1794,0,0,0
4259057,3,1793,1,0,0
3840629,3,1729,0,0,1
3853023,3,1747,0,0,1
4348940,3,1631,0,1,0
4772395,3,2582,1,1,0
4021333,3,1835,0,1,1
4126408,3,1509,1,0,1
4101079,3,1528,1,0,1
4467258,3,1754,1,0,0
4119148,3,1818,1,0,1
4134100,3,1618,0,0,0
4358569,3,1710,0,1,0
4107558,3,1848,0,1,1
4388936,3,1621,1,1,1
4125831,3,1664,1,0,1
4283615,3,1500,1,0,0
4151566,3,1707,0,1,1
4236573,3,1594,1,1,1
4222207,3,1624,1,0,1
4338544,3,1547,1,0,0
4640378,3,2554,1,1,0
4478077,3,1822,1,1,1
4472426,3,1702,1,1,1
4014734,3,1685,0,0,1
4011306,3,1836,0,0,0
4317051,3,1529,1,1,1
4168979,3,1556,1,0,1
4093632,3,1533,1,0,1
3958336,3,1585,0,0,1
3965185,3,1818,0,0,1
4272952,3,1846,1,1,1
4095177,3,1575,0,0,0
3960781,3,1700,0,0,1
4010782,3,1616,0,1,1
4386258,3,1581,1,0,0
4171992,3,1533,0,1,1
4751213,3,2258,1,1,0
4214438,3,1849,0,0,0
4066911,3,1762,0,0,0
4084842,3,1628,1,0,1
4002563,3,1573,1,0,1
4400324,3,1837,1,1,1
4005008,3,1648,0,0,0
4216442,3,1807,1,0,0
4422763,3,1506,0,1,0
4676516,3,2234,1,1,0
4344156,3,1706,1,0,0
4482202,3,1818,0,1,0
4756657,3,2332,1,1,0
4192142,3,1682,1,0,1
4138077,3,1553,0,1,1
4326397,3,1521,1,0,0
4040352,3,1770,0,0,0
4476232,3,1685,1,1,1
4368666,3,1775,0,1,0
4036408,3,1703,0,0,0
4179500,3,1596,0,0,0
4075379,3,1735,0,0,0
4057495,3,1679,0,0,0
3771051,3,1562,0,0,1
4292846,3,1561,1,0,0
4323690,3,1590,1,0,0
4441210,3,1534,1,1,1
4121409,3,1707,1,0,1
4277934,3,1842,0,1,0
4470298,3,1554,1,1,1
4303087,3,1575,1,1,1
4230761,3,1794,0,0,0
4245922,3,1663,0,1,1
4158559,3,1822,1,0,1
4323143,3,1503,1,1,1
4560292,3,2287,1,1,0
4772144,3,1828,1,1,0
4642112,3,2363,1,1,0
3752687,3,1727,0,0,1
3880668,3,1773,0,0,1
4043433,3,1752,1,0,1
4241549,3,1534,1,1,1
4295083,3,1741,1,0,0
4460594,3,1637,1,1,1
4172953,3,1746,0,1,1
4698552,3,2490,1,1,0
3911631,3,1814,0,0,1
4220714,3,1728,0,0,0
4217024,3,1741,0,1,1
4300883,3,1839,1,0,0
4163501,3,1502,1,0,1
4085118,3,1568,0,0,0
4249086,3,1695,0,0,0
4710992,3,1846,1,1,0
4441208,3,1716,1,1,1
4458980,3,1823,1,0,0
4123599,3,1734,0,0,0
4153245,3,1798,0,0,0
4010988,3,1621,0,0,1
4406847,3,1702,1,1,1
4103688,3,1570,0,0,0
4034254,3,1562,0,0,0
4073998,3,1613,0,1,1
4353873,3,1655,1,1,1
4443369,3,1817,1,0,0
4216691,3,1807,0,1,0
4137919,3,1791,0,0,0
4046933,3,1511,1,0,1
4014291,3,1804,0,0,0
4023336,3,1813,0,0,1
4733861,3,2282,1,1,0
4181951,3,1525,0,1,1
4693311,3,2335,1,1,0
4104704,3,1752,1,0,1
4231995,3,1729,0,0,0
4113552,3,1732,1,0,1
3788306,3,1833,0,0,1
4149528,3,1806,0,0,0
4088071,3,1594,0,0,0
4354151,3,1777,1,0,0
4451559,3,1702,1,1,1
4379364,3,1517,1,0,0
4212460,3,1538,0,1,1
4005748,3,1625,0,0,1
4361516,3,1652,1,0,0
4241226,3,1521,1,1,1
4057138,3,1781,0,1,1
4077201,3,1647,1,0,1
4463500,3,2293,1,1,0
4459751,3,1695,1,0,0
4300134,3,1504,1,0,0
4367550,3,1584,0,1,0
4283676,3,1632,1,0,0
4329056,3,1769,0,1,0
4347524,3,1579,0,1,0
4220713,3,1785,1,0,0
4143124,3,1800,0,0,0
4015029,3,1685,0,1,1
4753731,3,2265,1,1,0
4295293,3,1753,0,1,0
4192528,3,1651,0,1,1
4087784,3,1813,1,0,1
4014771,3,1606,1,0,1
4037346,3,1771,0,0,1
4419921,3,1595,1,0,0
3988087,3,1682,0,0,1
4540183,3,1985,1,1,0
4351113,3,1790,0,1,0
4208425,3,1779,1,0,0
4123122,3,1833,1,0,1
4736570,3,2326,1,1,0
4272853,3,1793,1,0,0
4401619,3,1558,1,1,1
4056605,3,1777,0,0,0
4222020,3,1616,1,0,0
4137467,3,1599,1,0,1
4913163,3,2077,1,1,0
4031155,3,1601,1,0,1
4335964,3,1676,1,1,1
4440429,3,1813,1,1,1
4922321,3,2007,1,1,0
4700399,3,2564,1,1,0
4223769,3,1825,1,1,1
4174710,3,1831,0,1,1
4150017,3,1676,0,0,0
4443631,3,1617,0,1,0
4411127,3,1846,0,1,0
3929429,3,1725,0,0,1
4182767,3,1640,0,1,1
4464761,3,1743,1,0,0
4652147,3,2106,1,1,0
3921952,3,1684,0,0,1
4052108,3,1501,1,0,1
4476918,3,1535,0,1,0
4486846,3,1689,1,1,1
4000606,3,1766,0,1,1
4092910,3,1812,1,0,1
4095023,3,1732,0,1,1
4167146,3,1712,0,0,0
4202186,3,1782,1,1,1
3962696,3,1569,0,0,1
4205497,3,1610,0,0,0
4238732,3,1841,1,0,1
4749289,3,1864,1,1,0
4477974,3,1795,1,0,0
4181055,3,1654,0,0,0
4091223,3,1584,0,1,1
4257777,3,1792,1,0,0
4001289,3,1821,0,0,0
4114878,3,1765,0,1,1
3804157,3,1816,0,0,1
4716107,3,2111,1,1,0
4233720,3,1681,1,0,1
4381518,3,1502,1,0,0
4065256,3,1781,0,1,1
4910708,3,1818,1,1,0
4909689,3,1853,1,1,0
4138088,3,1765,0,0,0
4116338,3,1700,0,1,1
4005892,3,1846,0,0,1
4226473,3,1588,1,1,1
4331595,3,1546,1,1,1
4080955,3,1784,0,1,1
4156683,3,1774,0,1,1
4436985,3,1642,1,0,0
4999512,3,2233,1,1,0
4466003,3,1769,1,1,1
4567346,3,2269,1,1,0
4681353,3,1921,1,1,0
4070563,3,1812,1,0,1
4018602,3,1627,1,0,1
4086259,3,1502,0,1,1
4021305,3,1591,0,1,1
3756394,3,1820,0,0,1
4230244,3,1819,0,1,0
4015525,3,1684,0,0,1
4028834,3,1535,0,1,1
4365152,3,1634,0,1,0
4349731,3,1586,1,1,1
4000220,3,1804,0,1,1
4478452,3,2581,1,1,0
4404268,3,1803,0,1,0
4290907,3,1668,1,1,1
4071504,3,1651,1,0,1
3789492,3,1708,0,0,1
4369121,3,1541,1,1,1
4460162,3,1583,1,1,1
4008797,3,1564,1,0,1
4037576,3,1796,1,0,1
4184402,3,1640,1,0,1
4361207,3,1701,1,1,1
4835448,3,1984,1,1,0
4451642,3,1786,1,1,1
3885859,3,1826,0,0,1
4324092,3,1803,1,1,1
4305004,3,1538,1,0,0
4180693,3,1812,0,0,0
4257388,3,1622,1,0,0
4238160,3,1832,0,0,0
4412804,3,1502,1,0,0
3831238,3,1847,0,0,1
3837417,3,1767,0,0,1
4036052,3,1825,0,1,1
4344147,3,1720,1,1,1
3923431,3,1704,0,0,1
4041571,3,1798,0,0,0
4266531,3,1815,0,1,0
4054605,3,1848,1,0,1
3866016,3,1835,0,0,1
4049774,3,1727,1,0,1
4001564,3,1609,1,0,1
4235534,3,1649,0,0,0
4414439,3,1539,1,1,1
4352286,3,1540,1,1,1
3905872,3,1519,0,0,1
4232087,3,1806,1,0,0
4850347,3,2514,1,1,0
4156937,3,1742,0,1,1
4492736,3,1760,1,1,1
4318935,3,1836,1,1,1
4058349,3,1678,1,0,1
4233610,3,1632,1,0,0
4348218,3,1767,0,1,0
4295698,3,1502,1,0,0
4765656,3,2553,1,1,0
4122187,3,1528,1,0,1
4354696,3,1736,0,1,0
4352541,3,1708,1,1,1
4338750,3,1564,0,1,0
4087117,3,1559,0,1,1
4376410,3,1793,0,1,0
4374800,3,1569,1,1,1
3845478,3,1628,0,0,1
4205886,3,1793,1,0,1
4112672,3,1668,0,0,0
4372573,3,1670,1,1,1
4439125,3,1718,0,1,0
4244844,3,1744,1,1,1
3995830,3,1644,0,0,1
4354535,3,1743,1,1,1
4184652,3,1748,0,1,1
4198685,3,1709,0,1,1
4593506,3,2043,1,1,0
4334127,3,1848,1,1,1
4079801,3,1576,1,0,1
4146290,3,1808,1,0,1
4382491,3,1657,0,1,0
4200560,3,1708,0,1,1
4466540,3,1839,1,1,1
4985446,3,2261,1,1,0
3895136,3,1558,0,0,1
4193562,3,1625,0,1,1
4062414,3,1540,1,0,1
4164011,3,1698,0,0,0
4188306,3,1843,1,0,1
4871959,3,2555,1,1,0
4075114,3,1578,1,0,1
4837840,3,2346,1,1,0
4107239,3,1720,0,0,0
4430916,3,1753,1,0,0
4002281,3,1568,0,1,1
4068482,3,1846,0,1,1
4195407,3,1767,0,0,0
4387001,3,1774,0,1,0
4163838,3,1672,0,1,1
4237073,3,1511,0,1,1
4216533,3,1519,1,0,1
4365231,3,1555,1,1,1
4898884,3,2450,1,1,0
4277939,3,1570,0,1,0
4185851,3,1671,0,1,1
4305805,3,1793,1,0,0
4291993,3,1520,0,1,0
4129862,3,1749,0,0,0
4270581,3,1679,1,1,1
4963667,3,2085,1,1,0
4538341,3,2456,1,1,0
4259587,3,1639,1,1,1
4277061,3,1717,0,1,0
4490209,3,2495,1,1,0
4461883,3,1814,0,1,0
4280101,3,1712,1,1,1
4385826,3,1713,1,1,1
4736245,3,2148,1,1,0
4816958,3,2488,1,1,0
4077771,3,1661,1,0,1
4370047,3,1811,1,1,1
4217381,3,1834,0,0,0
4424724,3,1747,1,0,0
4248211,3,1683,0,1,1
4913033,3,1987,1,1,0
4490556,3,1644,1,0,0
4149858,3,1718,0,1,1
4150705,3,1589,0,0,0
4343640,3,1555,0,1,0
4360064,3,1523,1,1,1
4156403,3,1757,0,0,0
4029708,3,1758,0,1,1
3826118,3,1629,0,0,1
4118268,3,1795,0,1,1
4494081,3,1704,1,1,1
4461402,3,1651,1,0,0
4218863,3,1729,0,1,0
4321117,3,1827,1,1,1
4238528,3,1663,1,1,1
4446173,3,1693,1,1,1
4226806,3,1749,0,0,0
4007050,3,1612,0,0,1
4205088,3,1650,0,1,1
4711273,3,2394,1,1,0
4243475,3,1815,0,1,1
3876248,3,1800,0,0,1
4902749,3,2371,1,1,0
3802010,3,1596,0,0,1
4001114,3,1599,0,1,1
4037336,3,1752,0,0,1
4241727,3,1847,0,1,1
4212773,3,1803,0,0,0
4233688,3,1580,0,0,0
4877531,3,2105,1,1,0
4193069,3,1760,1,0,1
4239819,3,1803,0,0,0
4433686,3,1580,1,1,1
4447842,3,1506,1,1,1
4811709,3,2102,1,1,0
4195203,3,1785,0,1,1
4186428,3,1526,0,0,0
4071381,3,1518,0,0,0
4375313,3,1799,1,1,1
4208145,3,1777,0,1,1
3961327,3,1608,0,0,1
4687192,3,2085,1,1,0
4252817,3,1604,1,1,1
4275127,3,1720,0,1,0
4235627,3,1642,1,0,1
4005216,3,1537,1,0,1
4159806,3,1779,1,0,1
4116116,3,1513,0,0,0
4088552,3,1703,1,0,1
4393185,3,1756,1,1,1
4067709,3,1710,1,0,1
4401569,3,1809,1,0,0
4155419,3,1798,1,0,1
4030139,3,1826,0,1,1
4077108,3,1770,1,0,1
4033570,3,1719,0,0,1
4188378,3,1604,0,0,0
4388868,3,1620,1,1,1
4487620,3,1790,1,1,1
4391219,3,1757,1,1,1
4939494,3,2094,1,1,0
4219290,3,1581,0,1,0
4518031,3,2568,1,1,0
4222597,3,1787,1,0,0
4495326,3,1807,1,1,1
4866255,3,2363,1,1,0
4299110,3,1732,1,1,1
4012619,3,1802,1,0,1
4407853,3,1526,0,1,0
4116336,3,1683,1,0,1
4992503,3,2541,1,1,0
4244911,3,1513,0,1,0
4323654,3,1826,1,1,1
4196501,3,1526,0,0,0
3841294,3,1787,0,0,1
4430571,3,1812,1,0,0
4332909,3,1793,1,1,1
4382915,3,1518,1,0,0
4263212,3,1575,0,1,0
4470012,3,1598,1,1,1
4418946,3,1793,1,0,0
4039167,3,1625,1,0,1
4243386,3,1503,0,0,0
3775132,3,1822,0,0,1
4074629,3,1782,0,1,1
4226483,3,1504,0,0,0
4380293,3,1762,1,1,1
4283307,3,1561,1,1,1
4050847,3,1681,0,1,1
4232400,3,1617,1,0,1
3769984,3,1713,0,0,1
4211615,3,1517,1,0,1
4195497,3,1780,0,1,1
3822406,3,1557,0,0,1
3848232,3,1625,0,0,1
4288311,3,1654,1,1,1
4099906,3,1545,1,0,1
4420377,3,1515,1,0,0
3762916,3,1651,0,0,1
4249421,3,1769,0,1,1
4145709,3,1651,0,1,1
4439003,3,1675,1,0,0
4224326,3,1828,0,1,0
4180588,3,1607,0,0,0
4197770,3,1546,0,0,0
4392537,3,1760,1,0,0
4357151,3,1614,1,1,1
4194359,3,1825,0,0,0
4205852,3,1625,0,0,0
3922191,3,1829,0,0,1
4327465,3,1626,1,1,1
4457812,3,1787,0,1,0
4116581,3,1552,0,1,1
3783188,3,1732,0,0,1
4020655,3,1585,0,0,1
4372083,3,1641,0,1,0
4318046,3,1755,1,1,1
4466909,3,1831,0,1,0
4058362,3,1667,0,1,1
4046903,3,1591,0,0,0
4213064,3,1825,1,1,1
4023745,3,1833,0,0,0
4254172,3,1515,1,1,1
4295340,3,1614,1,0,0
4211786,3,1790,0,1,1
4063040,3,1613,1,0,1
4902854,3,2399,1,1,0
4277515,3,1817,0,1,0
4049759,3,1722,0,0,1
4976862,3,2168,1,1,0
4331972,3,1558,1,1,1
4200929,3,1742,0,1,1
4676263,3,2503,1,1,0
4269224,3,1685,0,1,0
4073417,3,1766,0,1,1
4017788,3,1672,1,0,1
4295039,3,1675,1,1,1
4172942,3,1822,1,0,1
4084649,3,1663,1,0,1
3990423,3,1647,0,0,1
4335570,3,1528,1,1,1
3961824,3,1747,0,0,1
4932260,3,2247,1,1,0
4558493,3,2149,1,1,0
4212333,3,1690,0,1,0
4131038,3,1656,0,1,1
4265918,3,1527,1,1,1
4479350,3,1565,1,1,1
4107687,3,1562,1,0,1
4470531,3,1540,1,0,0
4360145,3,1546,1,0,0
3876076,3,1643,0,0,1
4052414,3,1618,0,0,0
4423786,3,1713,0,1,0
4253111,3,1501,1,0,0
4012478,3,1641,0,0,1
4341535,3,1605,1,0,0
4491267,3,1671,1,0,0
4484358,3,1813,1,0,0
3996847,3,1724,0,0,1
4032837,3,1512,0,0,0
3834007,3,1600,0,0,1
4427629,3,1732,1,0,0
4200077,3,1509,1,0,0
4048372,3,1624,1,0,1
3776796,3,1537,0,0,1
4219502,3,1717,1,0,1
4200926,3,1770,0,0,0
4047182,3,1821,0,0,1
3792046,3,1797,0,0,1
4224926,3,1781,1,0,0
4089712,3,1544,0,1,1
4176708,3,1775,0,0,0
4206383,3,1804,0,1,1
4524270,3,2036,1,1,0
4205527,3,1769,1,0,0
4225062,3,1538,1,1,1
4199865,3,1654,0,1,1
4306021,3,1798,0,1,0
4147105,3,1688,0,0,0
4214652,3,1760,1,0,0
4013086,3,1845,0,0,1
4217303,3,1582,0,0,0
4308471,3,1794,1,0,0
4391574,3,1683,0,1,0
4677672,3,2016,1,1,0
4076815,3,1522,0,0,0
4426196,3,1662,1,1,1
4370690,3,1677,0,1,0
4248580,3,1563,0,1,0
4252727,3,1521,1,1,1
4063463,3,1837,0,1,1
4020055,3,1512,0,0,0
4132253,3,1816,0,0,0
4044130,3,1594,0,0,1
4145623,3,1640,0,1,1
4152446,3,1727,0,0,0
4070421,3,1755,1,0,1
4804866,3,2245,1,1,0
3989209,3,1619,0,0,1
4205337,3,1519,0,1,1
4181440,3,1831,1,0,1
4220106,3,1642,0,1,1
4384898,3,1615,1,0,0
4173687,3,1798,0,1,1
4500979,3,1948,1,1,0
3763130,3,1645,0,0,1
4224630,3,1776,0,1,0
4286354,3,1828,1,1,1
4206217,3,1549,0,1,0
4194763,3,1547,0,1,1
4135280,3,1599,1,0,1
4106125,3,1608,0,1,1
4139289,3,1602,1,0,1
4252687,3,1806,0,1,0
4983618,3,2540,1,1,0
4125808,3,1588,0,1,1
4237746,3,1588,1,0,0
4056799,3,1681,0,1,1
3750918,3,1711,0,0,1
4045652,3,1507,0,0,1
4248466,3,1596,1,0,0
4021778,3,1584,0,1,1
4109177,3,1596,0,1,1
4244614,3,1515,1,1,1
4192661,3,1556,0,0,0
4323019,3,1536,1,1,1
4030515,3,1506,0,1,1
4788902,3,2588,1,1,0
4171794,3,1674,1,0,1
4365551,3,1546,1,1,1
4129655,3,1582,0,1,1
3909375,3,1753,0,0,1
4232064,3,1735,0,1,0
4455211,3,2492,1,1,0
4237710,3,1604,0,1,0
4828969,3,1812,1,1,0
4840813,3,2541,1,1,0
4028806,3,1610,0,1,1
4255269,3,1606,1,0,0
4350243,3,1558,1,0,0
4178122,3,1708,1,0,1
4165787,3,1845,0,1,1
4413285,3,1660,1,1,1
4327642,3,1509,1,1,1
4469793,3,1782,0,1,0
3794562,3,1696,0,0,1
4295952,3,1601,0,1,0
4237737,3,1759,0,1,1
4110153,3,1559,1,0,1
4027821,3,1734,0,0,1
4217104,3,1572,1,0,0
4420751,3,1842,0,1,0
4451784,3,1570,0,1,0
4283481,3,1558,1,1,1
4279037,3,1802,0,1,0
4206798,3,1658,0,1,1
4205160,3,1572,0,0,0
4092985,3,1649,1,0,1
3839006,3,1834,0,0,1
4010301,3,1843,0,0,0
4117609,3,1634,0,0,0
4145357,3,1731,1,0,1
4114926,3,1725,0,0,0
4146375,3,1849,0,0,0
4440895,3,1777,1,1,1
4253361,3,1798,1,1,1
4048115,3,1769,0,0,0
4198208,3,1827,0,1,1
4480790,3,1753,1,1,1
4895180,3,2028,1,1,0
4185816,3,1831,0,0,0
4022040,3,1733,0,0,0
4171724,3,1533,0,0,0
4494671,3,1756,1,0,0
4127011,3,1749,0,1,1
4154680,3,1822,0,1,1
5079737,4,2240,0,0,0
5245269,4,2346,0,0,0
5427938,4,2669,1,0,0
5495974,4,1987,1,0,0
5281987,4,1853,1,1,1
5774990,4,2943,1,1,0
5230713,4,2429,1,0,0
5131948,4,2237,0,1,1
5215416,4,2042,1,0,0
5260456,4,2396,1,1,1
5026839,4,2322,0,1,1
5233110,4,2331,0,1,1
5182151,4,1823,0,1,1
5805899,4,2852,1,1,0
5223638,4,2646,1,0,0
5083218,4,2544,1,0,1
5553031,4,2913,1,1,0
5000582,4,2420,0,0,1
5357667,4,2573,1,0,0
5039004,4,2465,0,0,1
4789185,4,2383,0,0,1
5084637,4,1943,1,0,1
5016997,4,2551,0,0,1
5303513,4,1855,1,0,0
5103821,4,2112,0,1,1
5052121,4,2139,0,0,0
5466471,4,2203,1,1,1
5451381,4,2017,1,1,1
5284022,4,2104,1,0,0
5158528,4,2354,0,1,1
4980164,4,2239,0,0,1
5166583,4,2062,1,0,1
5311748,4,2572,0,1,0
5236977,4,2201,0,1,0
5336454,4,1976,1,1,1
5081789,4,2567,1,0,1
5461664,4,1841,1,1,1
5101553,4,2632,0,1,1
5391651,4,2418,1,1,1
5478706,4,2629,1,0,0
5389342,4,2233,0,1,0
5476693,4,2178,1,0,0
5409576,4,2478,1,0,0
5124437,4,2013,0,0,0
5071540,4,2150,0,1,1
5041087,4,2664,0,0,1
5101900,4,2590,0,0,0
5212972,4,2555,1,0,0
5236062,4,2369,0,1,1
5141881,4,2572,0,0,0
5038476,4,1873,1,0,1
5477967,4,2188,1,0,0
5217384,4,2409,1,0,1
5331113,4,2063,1,0,0
5212608,4,2561,0,1,1
5241687,4,2322,1,1,1
5299908,4,2059,0,1,0
5382106,4,1838,1,0,0
5469286,4,1891,0,1,0
4813913,4,2394,0,0,1
5212170,4,2119,0,0,0
5119702,4,1831,1,0,1
4786296,4,2319,0,0,1
5019541,4,2223,0,1,1
4935068,4,1902,0,0,1
5144933,4,2069,0,0,0
5490105,4,1902,1,1,1
5399990,4,1854,0,1,0
5357813,4,1851,1,0,0
5169516,4,2025,0,1,1
5093134,4,2272,1,0,1
5405994,4,2370,1,1,1
5474188,4,1952,1,1,1
5545665,4,2965,1,1,0
5065592,4,2683,1,0,1
5382891,4,2565,0,1,0
5485668,4,2553,1,1,1
5285547,4,1964,0,1,0
5476602,4,2285,1,0,0
5369375,4,2030,0,1,0
5213772,4,1996,1,0,1
5357171,4,1887,1,1,1
5667466,4,2902,1,1,0
5011038,4,2417,0,0,0
5238497,4,2467,1,0,0
5722241,4,2896,1,1,0
5111010,4,1855,0,0,0
5242800,4,2550,1,0,0
5102034,4,2460,0,1,1
5043985,4,2349,0,0,0
5346573,4,1800,1,1,1
5454084,4,2212,1,0,0
5035257,4,1942,0,0,0
5240898,4,2394,1,0,0
5183695,4,2075,1,0,1
5041999,4,2175,0,0,0
5421387,4,2207,1,1,1
5284073,4,2468,1,1,1
5290235,4,2387,1,1,1
5330183,4,2583,0,1,0
5340810,4,2402,0,1,0
4773171,4,1951,0,0,1
4895778,4,2291,0,0,1
5001710,4,1827,0,0,0
5169252,4,2411,0,1,1
5730646,4,2943,1,1,0
5222759,4,2296,1,0,1
5467865,4,2679,1,0,0
5042788,4,2110,0,1,1
4941789,4,1980,0,0,1
5157720,4,1897,0,1,1
5026064,4,2443,0,0,0
5173642,4,1883,0,1,1
5369309,4,2197,0,1,0
5198566,4,1852,0,0,0
5314448,4,1986,0,1,0
5150931,4,2158,0,1,1
4945700,4,2035,0,0,1
5109695,4,2334,1,0,1
5248523,4,1894,1,0,1
5143423,4,2593,0,0,0
4853052,4,2171,0,0,1
5109410,4,1925,0,1,1
5310917,4,1883,1,1,1
5969420,4,2905,1,1,0
5264927,4,2068,1,1,1
5039952,4,2586,0,0,1
4917082,4,2095,0,0,1
5399636,4,2194,0,1,0
5285225,4,2028,1,0,0
5440815,4,1884,0,1,0
5449646,4,2603,1,0,0
5226682,4,1966,0,0,0
5223213,4,2598,1,1,1
5362374,4,2512,1,1,1
5000777,4,1863,1,0,1
5432676,4,2326,0,1,0
5927667,4,2956,1,1,0
5242909,4,2208,0,1,1
5090436,4,2238,0,1,1
5798160,4,2848,1,1,0
4893141,4,2097,0,0,1
5549332,4,2915,1,1,0
5160607,4,2052,0,1,1
5448013,4,1885,1,1,1
5484167,4,2481,0,1,0
5590244,4,2856,1,1,0
5011830,4,2224,0,0,1
5422356,4,2171,1,0,0
5329827,4,2104,0,1,0
5133629,4,2581,0,1,1
5075615,4,2571,0,1,1
5493719,4,2922,1,1,0
5192911,4,2304,1,0,1
4906428,4,2276,0,0,1
5490512,4,1962,1,1,1
5167932,4,2651,0,1,1
5224584,4,2379,0,0,0
5287895,4,2107,1,0,0
5443029,4,2305,1,1,1
5450716,4,2096,1,1,1
5234998,4,2027,1,0,0
5249234,4,2367,0,0,0
5343746,4,2579,1,1,1
4999867,4,2641,0,0,1
4971020,4,1812,0,0,1
5179587,4,2552,0,0,0
5087313,4,2612,0,0,0
5356976,4,2697,1,0,0
5763261,4,2855,1,1,0
5475575,4,2879,1,1,0
4758170,4,2022,0,0,1
5837828,4,2924,1,1,0
5200745,4,2136,0,0,0
5233937,4,2351,0,0,0
5751757,4,2956,1,1,0
5756786,4,2840,1,1,0
5098912,4,1974,0,0,0
5274189,4,2514,1,1,1
5931706,4,2993,1,1,0
5093288,4,2680,1,0,1
5201630,4,2376,0,1,1
5035453,4,2198,0,0,1
5241963,4,2603,0,1,0
5487306,4,2692,1,0,0
4852782,4,2619,0,0,1
5478584,4,2012,1,0,0
5978244,4,2960,1,1,0
5954047,4,2853,1,1,0
5392599,4,2267,1,0,0
5109072,4,2568,0,0,0
5239940,4,2650,0,1,0
5467412,4,2317,1,1,1
5231057,4,2406,1,0,0
5120407,4,2235,0,1,1
4862485,4,2149,0,0,1
5431160,4,2318,1,1,1
5036111,4,2548,1,0,1
5049222,4,2243,0,1,1
5324145,4,2686,0,1,0
4790030,4,2513,0,0,1
4763177,4,1960,0,0,1
5778967,4,2827,1,1,0
5168642,4,2184,1,0,1
5243279,4,1833,0,1,1
5021200,4,2550,0,0,1
5314554,4,1940,0,1,0
5654792,4,2946,1,1,0
5220954,4,2076,0,1,0
5215288,4,2582,0,0,0
5355652,4,2277,1,0,0
5233979,4,2247,0,1,0
5298732,4,2299,1,0,0
5391630,4,1995,1,1,1
5362284,4,1968,0,1,0
5498679,4,1851,0,1,0
5016296,4,2462,0,0,1
5221287,4,2197,1,0,1
5011112,4,2595,0,1,1
5210819,4,2104,1,0,0
5206970,4,2562,1,0,0
5425483,4,1879,1,0,0
5038248,4,2228,0,0,0
5097245,4,2669,0,0,0
5064193,4,2464,0,1,1
5155120,4,2450,0,0,0
5250499,4,2224,1,0,0
5355016,4,1979,1,0,0
5223196,4,2159,0,1,1
5275738,4,2025,1,0,0
4956133,4,2383,0,0,1
5381570,4,2676,1,1,1
4825643,4,1931,0,0,1
5909660,4,2945,1,1,0
5453814,4,2656,1,1,1
4915201,4,2621,0,0,1
5206750,4,1881,0,1,0
5164442,4,2661,0,1,1
5162213,4,2650,0,1,1
5114020,4,2318,1,0,1
5220022,4,2018,1,0,1
5340110,4,2164,1,0,0
5239076,4,2639,1,1,1
5094421,4,1884,0,0,0
5377004,4,2522,0,1,0
5435992,4,2531,1,1,1
5129338,4,2359,0,1,1
5000803,4,2500,0,1,1
5457775,4,2189,1,0,0
5088325,4,2390,0,1,1
5036546,4,2433,0,1,1
5617448,4,2985,1,1,0
5140343,4,2552,0,0,0
5193586,4,2383,1,0,1
5177888,4,1959,0,0,0
5464324,4,2448,1,0,0
5213285,4,2263,1,0,0
5097477,4,2427,0,0,0
5313580,4,2459,0,1,0
5208859,4,2689,0,1,0
5195832,4,2292,0,1,1
5182887,4,2303,0,0,0
5218557,4,2320,0,0,0
5499223,4,2688,1,1,1
5848689,4,2958,1,1,0
5247770,4,2423,1,0,0
5383228,4,2495,1,0,0
5286472,4,2243,1,0,0
5285026,4,1876,1,1,1
5248274,4,1999,0,1,0
5321281,4,2290,1,1,1
5475566,4,2116,1,0,0
5573184,4,2842,1,1,0
5211188,4,2465,0,1,0
5048949,4,2252,0,0,0
5154647,4,1917,1,0,1
5476448,4,2169,1,0,0
5678362,4,2896,1,1,0
5429671,4,2651,1,1,1
5356549,4,1804,1,1,1
4840513,4,2071,0,0,1
4875006,4,2194,0,0,1
5493666,4,1883,1,1,1
5311750,4,1838,1,0,0
5254826,4,2370,1,0,0
5734204,4,2850,1,1,0
5771234,4,2918,1,1,0
5074738,4,1940,0,1,1
4936527,4,2148,0,0,1
5029689,4,1824,0,1,1
5213389,4,2508,0,0,0
5463113,4,2233,1,1,1
5272410,4,2138,1,1,1
5981060,4,2935,1,1,0
5245155,4,2325,0,0,0
5102633,4,2342,1,0,1
5498992,4,2534,0,1,0
5467243,4,2277,0,1,0
5126398,4,2306,0,1,1
5221276,4,2390,0,0,0
5356221,4,1971,0,1,0
5335082,4,2209,1,0,0
4812833,4,2450,0,0,1
5181027,4,2193,1,0,1
5427349,4,2508,1,0,0
5136637,4,1845,0,1,1
5384809,4,1883,1,1,1
5049144,4,2059,1,0,1
5451582,4,1950,1,0,0
5214012,4,2643,1,1,1
5098576,4,2611,0,0,0
5247480,4,2283,0,1,1
5499823,4,2439,1,1,1
5221131,4,2548,1,0,0
5336033,4,2118,1,0,0
5301417,4,1991,1,1,1
5431177,4,2338,0,1,0
5519894,4,2821,1,1,0
4818704,4,1835,0,0,1
5037019,4,2405,0,0,1
5347102,4,2187,0,1,0
5309255,4,2592,0,1,0
5471252,4,2236,1,1,1
5407518,4,1845,1,0,0
5183968,4,2342,0,0,0
5108454,4,1923,1,0,1
5175658,4,2387,0,0,0
5146198,4,2299,0,1,1
5790326,4,2931,1,1,0
5380078,4,2212,0,1,0
5248605,4,2281,1,1,1
5234528,4,2595,0,1,1
5435571,4,2642,1,0,0
5282552,4,2290,0,1,0
5046079,4,2046,0,0,0
5378111,4,2479,0,1,0
5285553,4,2492,0,1,0
5093334,4,2298,0,0,0
5035269,4,2443,1,0,1
5566138,4,2864,1,1,0
5229458,4,2276,1,0,0
5359164,4,2670,1,1,1
5281446,4,1821,1,1,1
5208366,4,2590,0,1,0
5246846,4,2244,0,0,0
5483073,4,2080,0,1,0
5332509,4,2188,1,1,1
5019728,4,2561,0,0,1
5046189,4,2454,0,0,0
5238401,4,2186,1,1,1
5004251,4,2540,0,0,1
4779351,4,2547,0,0,1
5111201,4,2133,1,0,1
5214233,4,2411,1,0,0
5188127,4,2418,0,0,0
5207979,4,1978,0,1,0
5031088,4,2301,0,0,1
5164916,4,1924,0,0,0
5247758,4,2242,1,0,1
5159252,4,2445,0,0,0
5026196,4,2647,1,0,1
5230077,4,2356,1,0,1
5078558,4,2380,0,1,1
5443678,4,1864,1,1,1
5043495,4,2298,0,0,1
5415336,4,1874,0,1,0
5451337,4,2656,1,0,0
5938489,4,2839,1,1,0
5246150,4,2400,0,1,1
5381830,4,2455,0,1,0
5233613,4,2311,0,1,1
5430700,4,2557,0,1,0
5285276,4,2500,0,1,0
4998964,4,2493,0,0,1
5323641,4,2631,1,1,1
5093196,4,1945,0,1,1
5018151,4,2339,0,1,1
4800571,4,1941,0,0,1
5483388,4,2277,0,1,0
4865946,4,2037,0,0,1
5040031,4,1910,0,1,1
5460604,4,2637,1,1,1
5227660,4,2105,0,1,1
5448136,4,2161,1,0,0
5324826,4,1835,1,0,0
5232461,4,2314,0,1,0
5374908,4,1829,1,0,0
4927101,4,2179,0,0,1
5379093,4,2439,1,0,0
5197992,4,2038,0,0,0
5207288,4,2079,0,1,1
5164604,4,2364,0,0,0
5050876,4,1997,0,0,0
5183027,4,1966,1,0,1
5042396,4,1802,0,0,0
5454411,4,2634,0,1,0
5234363,4,1877,0,1,1
5007518,4,2428,0,0,0
5082409,4,2197,0,0,0
5307838,4,2272,1,1,1
5677162,4,2819,1,1,0
4965052,4,1952,0,0,1
5023500,4,2469,0,1,1
5063420,4,2238,0,1,1
5148679,4,1824,0,0,0
4922293,4,2468,0,0,1
5419371,4,2321,0,1,0
5138821,4,2437,0,1,1
5017621,4,2050,1,0,1
5346456,4,1944,1,0,0
5129319,4,1808,0,1,1
5564184,4,2935,1,1,0
5176815,4,2289,0,0,0
5399902,4,2289,1,1,1
5127686,4,1986,0,1,1
4844604,4,2407,0,0,1
5380064,4,1986,1,1,1
4890300,4,2084,0,0,1
5444830,4,2618,0,1,0
5192876,4,2326,1,0,1
5048029,4,2506,0,0,1
5027903,4,2331,1,0,1
5479365,4,1952,1,1,1
5044572,4,2091,0,1,1
5336079,4,2043,1,1,1
5699406,4,2875,1,1,0
5269812,4,2315,0,1,0
5226468,4,2678,0,0,0
5196308,4,2698,1,0,1
4877447,4,2191,0,0,1
4794083,4,2042,0,0,1
5209388,4,1978,0,1,0
5103392,4,2603,0,1,1
4975130,4,2523,0,0,1
5181059,4,1925,1,0,1
5039016,4,2466,1,0,1
5388707,4,2282,1,0,0
5079820,4,1894,0,0,0
5409943,4,1855,0,1,0
4954308,4,2009,0,0,1
5133516,4,2104,1,0,1
5249069,4,2261,1,0,1
5987539,4,2975,1,1,0
4879120,4,2017,0,0,1
5202499,4,2505,1,1,1
5245088,4,1980,1,0,0
5197665,4,2360,0,0,0
5216020,4,1901,1,0,1
5673534,4,2871,1,1,0
5093864,4,2360,0,0,0
5158077,4,2080,0,1,1
5231764,4,2411,0,1,0
5036452,4,2506,0,1,1
5184065,4,1801,0,0,0
5247255,4,2562,1,0,0
5319410,4,2103,1,1,1
5331352,4,2659,1,0,0
5157479,4,2232,0,1,1
5482813,4,2627,0,1,0
5314746,4,2662,0,1,0
5357331,4,2020,1,1,1
5300812,4,2238,1,1,1
5269942,4,2691,0,1,0
5322463,4,2119,1,1,1
4904233,4,2665,0,0,1
5137504,4,2422,0,1,1
5135329,4,2055,0,1,1
5213067,4,2293,1,0,1
5371610,4,2343,0,1,0
5984151,4,2867,1,1,0
5109820,4,1910,0,1,1
5140388,4,1816,0,0,0
5248452,4,2487,0,1,0
5032287,4,2163,0,0,1
5019187,4,2376,0,0,1
5510449,4,2966,1,1,0
5245470,4,1980,0,0,0
5784232,4,2905,1,1,0
4847684,4,2640,0,0,1
5472269,4,2551,1,0,0
5019992,4,2431,0,1,1
5187466,4,2475,0,1,1
5109341,4,2158,0,0,0
5548316,4,2884,1,1,0
5194016,4,2390,0,1,1
5872765,4,2915,1,1,0
5199952,4,2164,0,1,1
5047869,4,2491,0,1,1
5450811,4,2460,1,0,0
5484278,4,2207,1,0,0
5427439,4,2088,0,1,0
5139808,4,1811,1,0,1
5011888,4,2357,0,0,1
4928285,4,2121,0,0,1
5405399,4,2166,1,1,1
5674115,4,2835,1,1,0
4898468,4,1826,0,0,1
4945320,4,1947,0,0,1
5241845,4,2374,0,0,0
5334297,4,2287,1,1,1
4870638,4,1945,0,0,1
5091137,4,2122,1,0,1
5426726,4,2682,0,1,0
5220888,4,2410,1,0,1
5623046,4,2978,1,1,0
5881781,4,2853,1,1,0
5406768,4,1807,0,1,0
5479766,4,2826,1,1,0
5309403,4,2237,1,1,1
5300956,4,1843,1,0,0
5402222,4,1973,1,1,1
4970859,4,2157,0,0,1
5005229,4,1823,1,0,1
4845050,4,2527,0,0,1
5044228,4,2696,1,0,1
5346188,4,2647,0,1,0
5079929,4,2066,1,0,1
5172401,4,1992,1,0,1
5121271,4,2159,0,1,1
5611214,4,2882,1,1,0
5219995,4,2219,0,0,0
4874907,4,2038,0,0,1
5421505,4,1996,1,1,1
5070057,4,1880,0,0,0
5205708,4,2333,1,0,1
5372341,4,2482,0,1,0
5243090,4,1892,0,0,0
5490967,4,2523,0,1,0
5327436,4,2311,1,0,0
5218446,4,2572,0,0,0
5248317,4,2571,0,1,0
5074728,4,2217,0,0,0
5229542,4,2344,1,0,0
5065461,4,2366,0,1,1
5452600,4,2016,0,1,0
5292884,4,2362,1,1,1
4767182,4,2222,0,0,1
5010707,4,2063,0,0,1
5286329,4,2505,1,0,0
5311240,4,2144,1,0,0
5226459,4,2117,1,0,0
5384835,4,2470,1,0,0
5171264,4,2301,0,0,0
5566292,4,2902,1,1,0
5356185,4,2188,1,0,0
5450669,4,2441,1,0,0
5136137,4,2665,1,0,1
5247099,4,2213,1,0,1
5215732,4,2330,0,0,0
5030050,4,1830,0,0,1
5102683,4,1969,1,0,1
5005760,4,2683,1,0,1
5426533,4,1996,1,1,1
5104765,4,2368,1,0,1
5011068,4,1944,1,0,1
5697865,4,2887,1,1,0
5492392,4,2505,1,1,1
5096189,4,1834,0,1,1
5395450,4,1817,0,1,0
5181197,4,2698,0,1,1
5281836,4,1951,0,1,0
5148306,4,2391,0,1,1
5299705,4,2601,0,1,0
5188913,4,2191,0,1,1
5217746,4,2029,0,0,0
5198176,4,2204,0,1,1
4779571,4,2089,0,0,1
5357198,4,1976,0,1,0
5630719,4,2822,1,1,0
4863567,4,1980,0,0,1
4928248,4,1827,0,0,1
5657910,4,2937,1,1,0
5212988,4,2456,0,0,0
5148673,4,1943,0,0,0
5354052,4,2028,1,0,0
5048736,4,2637,1,0,1
5214974,4,2164,1,1,1
4877885,4,2581,0,0,1
5022126,4,2449,1,0,1
5211459,4,2687,1,1,1
5046312,4,2546,1,0,1
5234528,4,1828,1,0,0
5217728,4,1970,1,0,1
5437078,4,2659,1,0,0
5463280,4,1973,0,1,0
5034077,4,2211,0,1,1
4882846,4,1933,0,0,1
5125561,4,2528,1,0,1
5052562,4,1846,0,1,1
5172771,4,2061,0,1,1
5304716,4,1826,1,0,0
5006505,4,1852,0,0,0
5121981,4,1893,1,0,1
5008694,4,2245,1,0,1
5101881,4,2644,0,1,1
5349122,4,2563,1,1,1
5825680,4,2803,1,1,0
5235268,4,2286,0,0,0
5246821,4,1866,0,1,0
5202707,4,2126,1,1,1
4816246,4,2544,0,0,1
5091160,4,2527,1,0,1
5977822,4,2980,1,1,0
5337950,4,2617,0,1,0
4964529,4,2499,0,0,1
5137890,4,2056,0,0,0
5318334,4,2362,1,0,0
5427169,4,2633,0,1,0
5130831,4,2643,0,1,1
5258616,4,1961,1,1,1
5439231,4,2232,1,0,0
5445133,4,1999,1,0,0
4850143,4,2412,0,0,1
5990779,4,2975,1,1,0
5135317,4,2473,1,0,1
5289047,4,1807,1,1,1
4770371,4,1937,0,0,1
5998830,4,2871,1,1,0
5369140,4,2242,1,1,1
5228760,4,2336,1,0,0
5343660,4,2432,1,1,1
5064017,4,2578,1,0,1
4978567,4,1884,0,0,1
5107464,4,2410,1,0,1
5155567,4,2553,0,0,0
5090055,4,2244,0,1,1
5359909,4,2051,1,1,1
5093405,4,2546,1,0,1
5015798,4,2657,0,0,1
5391588,4,1866,1,1,1
5206971,4,2138,0,1,0
5309733,4,2213,1,1,1
5372615,4,2300,1,1,1
5412241,4,2007,0,1,0
5239951,4,2641,0,0,0
5632780,4,2893,1,1,0
5112447,4,2529,1,0,1
5109493,4,2101,0,0,0
5106705,4,2527,0,1,1
5187313,4,2343,0,0,0
5500110,4,2954,1,1,0
5229558,4,2483,1,0,1
5154571,4,2359,0,1,1
5188102,4,2427,1,0,1
5249661,4,2459,0,1,1
5077540,4,2314,1,0,1
4967018,4,2585,0,0,1
5160928,4,2100,0,1,1
5222077,4,1874,0,1,0
5246329,4,2404,0,1,1
5219410,4,2564,0,0,0
5633643,4,2923,1,1,0
5407080,4,1809,1,0,0
4831453,4,2064,0,0,1
4952860,4,2292,0,0,1
5467954,4,2490,1,0,0
5236440,4,1956,1,0,0
5979703,4,2990,1,1,0
4918817,4,2108,0,0,1
5237794,4,2680,1,0,1
5170129,4,2338,1,0,1
5449888,4,2462,1,0,0
5116141,4,2500,0,1,1
5097971,4,2544,1,0,1
5419899,4,2024,1,0,0
5001244,4,2080,0,0,0
5217583,4,2660,1,0,0
5249183,4,1982,0,0,0
5267107,4,2486,1,0,0
5727337,4,2845,1,1,0
5425862,4,2168,1,1,1
5449152,4,2014,1,1,1
5145447,4,1810,1,0,1
5148946,4,1969,0,1,1
5222562,4,2540,1,0,1
5203361,4,2505,0,0,0
5231132,4,2308,1,1,1
5101280,4,2312,0,0,0
5847639,4,2800,1,1,0
5197100,4,1919,0,1,1
5748315,4,2922,1,1,0
5445995,4,2353,0,1,0
5072318,4,2614,0,0,0
5135071,4,2409,0,1,1
5253929,4,2674,1,1,1
5778126,4,2875,1,1,0
5050140,4,1915,1,0,1
5468972,4,1876,1,0,0
5000479,4,2538,0,0,0
5352818,4,2076,1,0,0
5469926,4,2204,1,0,0
5031344,4,1905,0,0,1
5464692,4,2999,1,1,0
5168986,4,2568,1,0,1
5332408,4,1831,1,0,0
4994174,4,2434,0,0,1
5205925,4,1930,1,1,1
5463460,4,2302,1,0,0
5481472,4,2054,1,1,1
5400283,4,2372,1,1,1
5558003,4,2867,1,1,0
5625417,4,2946,1,1,0
5435371,4,1893,0,1,0
5043435,4,2172,0,0,1
4784739,4,2396,0,0,1
4817294,4,2106,0,0,1
5853820,4,2989,1,1,0
4802158,4,2494,0,0,1
5476277,4,2656,1,1,1
5021127,4,2280,1,0,1
4827246,4,2272,0,0,1
5726187,4,2881,1,1,0
5127820,4,2448,1,0,1
5246528,4,2300,0,1,1
5679634,4,2810,1,1,0
5266801,4,2522,0,1,0
5206390,4,2340,0,0,0
5240906,4,2163,1,1,1
5308405,4,2561,1,1,1
5024694,4,2497,1,0,1
5003381,4,2097,0,1,1
5935678,4,2864,1,1,0
5409664,4,2333,1,0,0
5269375,4,2143,1,0,0
5391132,4,2604,0,1,0
5025767,4,2596,1,0,1
5029707,4,2016,1,0,1
4970199,4,2218,0,0,1
5113848,4,2440,0,0,0
5230685,4,2087,0,1,1
5085243,4,2597,1,0,1
5104278,4,2003,0,0,0
5055474,4,2482,1,0,1
5237549,4,1931,0,0,0
5687162,4,2927,1,1,0
5036158,4,2472,1,0,1
